goods_id(商品ID),cat_id(商品类型ID),goods_sn(商品编号),goods_name(商品名称),click_count(商品浏览人次),goods_high(商品亮点),,market_price(市场价格),shop_price(售价),promote_price(促销价)
1,37,Pechoin000000,百雀羚气韵本草肌源赋活焕颜新肌礼盒5件套装  紧致抗皱淡细纹滋润,89256,长辈首选,776,825.6,688,688
527,29,Pechoin000527,百雀羚恒采新颜紧致精华露30ml 送：育肤乳20ml+精华水20ml+面霜8g+紧致面膜2片 精华液淡化干纹细纹 淡化皱纹 细腻亮泽,13335,抗皱精品,866,268,185,0
214,36,Pechoin000214,百雀羚美白补水5件套装 至尚套装+精华乳液+活力眼ㄠ 送：甘油一个+随机面膜2片+随机小样2个+化妆棉一盒 水嫩特惠套装,43406,推荐,485,378,315,315
225,49,Pechoin000225,百雀羚 水嫩精纯莹采修饰乳40g 送:百雀羚随机面膜2片 亮肤型 cc霜 遮瑕 有防伪码,9532,,843,148,119,0
447,37,Pechoin000447,百雀羚气韵肌源奢白5件组合 洁颜膏+水+乳+菁华露+霜 送:面膜5片+随机小样2个+甘油+化妆棉　美白夏季补水 提亮肤色 美白保湿 润养紧致,26743,淡斑清爽 ,824,669.6,558,558
222,49,Pechoin000222,百雀羚cc霜 水嫩精纯明星修饰乳40g 送:百雀羚随机面膜2片 修颜型CC霜  裸妆补水 遮瑕控油保湿隔离 有防伪码,11653,,704,154.8,129,119
215,36,Pechoin000215,百雀羚水嫩精纯明星5件套装（水嫩净透洁面+明星美肌水+眼部精华液+肌底精华液+明星精华露）送:8杯水面膜1盒+奔腾吹风机+护肤脂+凡士林润肤露60g 补水保湿提亮 紧致抗皱 抗氧化  ,12278,,874,530.4,442,0
2,37,Pechoin000002,百雀羚气韵焕亮菁采晶透礼盒三件套新款   送：洗护一套（洗发露75ml+沐浴露75ml）+百雀羚因雀思听面膜3片 补水润白祛黄清爽,20585,买一送五,784,210,168,168
3,36,Pechoin000003,百雀羚水嫩精纯明星四件套装 美肌水 +眼部精华液 +肌底精华液 +能量元面霜  淡化黑眼圈眼袋 淡化细纹 平衡保水 修护新生 收缩毛孔,11839,,854,466.8,389,366
4,37,Pechoin000004,百雀羚气韵草本水嫩倍现礼盒套 送：补水面膜2片+玫瑰花酿小套装（水15ml+乳10ml+霜8g） 补水滋养美白保湿锁水清爽护肤品,22365,,467,298,249,249
5,1,Pechoin000005,百雀羚气韵本草水凝恒润深层滋养礼盒4件套补水保湿滋润锁水专柜,11605,,815,339,289,289
522,62,Pechoin000522,海之秘活源净白亮肤调理水100ml美白保湿改善皮肤专柜正品,8178,,881,138,118,0
523,63,Pechoin000523,海之秘赋活焕白日间防护乳SPF15 90ml防护隔离美白保湿专柜正品,12456,,880,258,188,0
524,74,Pechoin000524,百雀羚 水嫩精纯滋养身体乳250ml 送：面膜2片+洗发露7ml*3袋 身体乳水嫩精纯全身补水保湿滋润止痒香体润体浴后乳润肤露,12426,,869,159,118,118
6,43,Pechoin000006,百雀羚小雀幸密集凝润保湿面膜20片 淡化细纹补水滋润改善干燥正品国货,8132,,714,240,128,128
535,27,Pechoin000535,百雀羚水活能量修护精华液30ml  清润质地 温和润养 密集补水 滋润修护 正品带防伪,15042,,876,238,169,0
598,74,Pechoin000598, 百雀羚三生花红玫瑰&白玫瑰礼盒 滋润护手霜洁面乳洗沐组合保湿滋润正品,4770,买一享四,874,168,55,55
536,36,Pechoin000536,,5,,1197,378,298,298
7,38,Pechoin000007,百雀羚 男士清爽3件套装 洁面150g+润肤露125g+润肤霜50g 国货正品 男士护肤,3142,,887,168,86,0
8,43,Pechoin000008,百雀羚小雀幸深润水颜保湿面膜20片 补水滋润修护细纹提亮肤色正品国货,6758,,863,240,128,128
531,29,Pechoin000531,百雀羚草本恒采新颜焕颜育肤乳95ml 送：小幸韵面膜一片+甘油一瓶 紧致肌肤 淡化细纹 改善暗沉,12845,,872,228,165,0
532,29,Pechoin000532,百雀羚草本恒采新颜焕颜育肤乳95ml 紧致肌肤 淡化细纹 改善暗沉,3,,888,225,168,0
533,27,Pechoin000533,百雀羚水活能量滢肌美容液95ml  特惠送同款美容液70ml一瓶 奇迹水 补水保湿 修护润肤正品防伪,25986,买一送一,853,168,135,0
597,76,Pechoin000597,百雀羚水光弹润弹力水70ml  买一送同款一瓶  草本提拉紧致爽肤水美肌水精华补水,5723,买一送一,16,118,99,99
534,27,Pechoin000534,百雀羚水活能量凝采修护乳95ml 乳液 盈润美肌 舒漾修护 正品防伪,14336,,879,188,145,0
9,38,Pechoin000009,百雀羚男士焕活劲爽礼盒套装 （赠品如有更换不另行通知哦！）温和控油 细致毛孔 洗面奶爽肤水乳,13181,赠品,600,174,145,125
205,76,Pechoin000205,百雀羚水嫩倍现3件套装 精华水+精华乳液+精华霜  发新包装升级版 （双11特惠）送：水嫩精纯明星眼霜15g一瓶 +百雀羚面膜2片  发套盒版 锁水补水滋养,186704,双11特惠款,870,299,248,248
10,36,Pechoin000010,百雀羚水能量高端4件套装 洁容膏+焕颜美容液+焕颜凝乳+恒润乳霜  送:面膜2片+甘油随机+护肤脂18.5g+化妆包 补水保湿滋润紧致滋养 舒缓修护细纹 排出毒素 清爽自然 平滑水润透亮,6002,,830,568,478,478
11,38,Pechoin000011,百雀羚水嫩精纯6件套装 平衡保水劲爽 隔离遮瑕控油 亮白锁水 干纹细纹黑眼修护,1815,,881,536,409,399
12,36,Pechoin000012,百雀羚水嫩精纯尊享套装礼盒发新款 送:喷雾70ml+随机面膜4片+护手霜30g一支+随机小样2个(洁面+水+眼霜+精华露)卸妆洗面奶补水去黑眼圈,17001,新品上市,584,348,288,288
601,74,Pechoin000601,百雀羚气韵轻薄无瑕气垫水光粉霜（亮肤色） 细腻匀亮肌肤轻薄水润,4690,,877,198,148,148
13,37,Pechoin000013,百雀羚气韵舒漾紧致3件套装  送:随机面膜2片+小面膜100片+化妆包  抗敏去红血丝 舒敏修复 抗过敏 有防伪码,7062,店长推荐,611,225.6,188,188
14,38,Pechoin000014,百雀羚男士3件套装 净化洁面泡沫＋保湿爽肤水＋焕能醒肤露　收缩毛孔 补水保湿　舒缓剃须  有防伪码,9017,,861,178,134,149
210,76,Pechoin000210,百雀羚水能量焕耀套装新款(美容液+乳+霜+眼霜)      送：百雀羚保温杯一个+百雀羚随机面膜5片+护肤脂一个（护肤脂缺货换为甘油一瓶）  滋润修复  舒缓肌肤 抗氧化柔滑,88775,买一送七,583,538,428,428
208,36,Pechoin000208,百雀羚草本惊喜4套装+活力紧致眼部ㄠ  送：面膜1片+脸扑+化妆棉  保湿补水美白 去黑眼圈 眼袋 ,6547,,719,189.6,158,158
15,37,Pechoin000015,百雀羚 气韵草本水凝恒润4件套装（洁肤膏+美肌水+滋养乳液）+养肤精华液 深层清洁 补水卓越改善暗沉粗糙 ,13440,,866,513.6,428,0
16,37,Pechoin000016,百雀羚气韵臻白如玉4件套装 洁容膏+美容液+乳+霜 送:面膜1盒+随机甘油+随机瓶装小样2个 美白淡斑补水保湿,26562,,721,480,368,368
17,36,Pechoin000017,百雀羚补水裸妆套装 精华水+乳液+明星BB修颜霜 含2片盈采面膜  遮瑕隔离美白,3860,,819,261.59,218,218
216,36,Pechoin000216,百雀羚水嫩精纯明星5件套装 补水保湿美白滋养护肤品套装 卸妆洁面+美肌水+肌底精华液+精华露+能量元面霜 有防伪码,7723,,886,560,458,0
18,76,Pechoin000018,百雀羚气韵肌源透润宠爱礼盒6件套 新款 送：会员加送同系列洁容膏100g一支+百雀羚因雀思听面膜4片+百雀羚保温杯随机款一个+百雀羚三生花洗护一套（洗发露75ml+沐浴露75ml） 补水保湿滋养 修护改善暗沉细纹,15404,买一送八,677,999,588,588
596,74,Pechoin000596,百雀羚三生花精油香氛洗发露500ml +沐浴露500ml+护发素500ml三件套（水润顺滑、滋养修护、去屑柔顺、去屑止痒四款下单请备注）去屑滋养修护受损发质柔顺持久留,14584,双十一特惠款,850,264,111.1,111.1
518,26,Pechoin000518,百雀羚水盈保湿深透润肤乳100ml 送：随机瓶装小样2个 补水美白保湿 持久润养  专柜正品,15276,,848,98,78,0
19,36,Pechoin000019,百雀羚精纯水立方四件套装 细致洁面膏+美肌水+眼部精华液+精华乳液 平衡水油滋养 收缩毛孔  淡化黑眼圈眼袋浮肿 ,4512,,852,358.8,299,299
20,36,Pechoin000020,百雀羚水嫩保湿6件套装 (洁面泡沫150g+精华水100ml+乳液100g+精华霜50g+夜间精华面膜110g+眼部精华液15ml 送:小样2个+化妆棉+面膜1片+护肤脂 美白保湿 质地温和 通亮排污 排毒养颜,4469,,876,450,375,375
21,74,Pechoin000021,百雀羚三生花清妍悦肤舒润卸妆水253ml清洁温和补水有效清除采妆脏污及油脂,10688,,824,128,55,0
599,70,Pechoin000599,百雀羚草本水光弹润精华乳90ml 送：随机面膜一片+甘油一个+瓶装小样一个 补水滋润晶莹透亮增强皮肤弹性,3255,,881,238,188,149
525,49,Pechoin000525,百雀羚水嫩精纯芦荟胶180g 补水保晒后修护湿痘印祛痘淡印晒后修复面霜面膜正品 保湿修护 匀净润泽,16365,推荐,672,177.6,148,148
526,28,Pechoin000526,新品 百雀羚草本水凝润养焕肤精华水100ml (滋润型）补水丰盈润养 滋润保湿,18091,,833,118,88,0
22,12,Pechoin000022,百雀羚 气韵水凝恒润美肌水120ml+滋养乳液120ml 套装 送:面膜2片+随机瓶装小样2个 补水保湿美白嫩肤,10913,,797,261.59,218,238
23,36,Pechoin000023,百雀羚控油祛痘3件套装 清痘泡沫+调理爽肤水+控油乳液 送:面膜1片 收缩毛孔 平衡油脂分泌  青春痘形成  ,4938,,496,170,139,139
24,36,Pechoin000024,百雀羚水嫩倍现臻美套装 细致洁面膏+精华水+精华乳液 送:毛巾+面膜１片+脸扑 清爽深层清洁补水保湿滋润,5683,,620,213.6,178,178
25,38,Pechoin000025,百雀羚 男士滋润3件套装 洁面150g+润肤露125g+润肤霜50g 温和清洁 保湿滋润 改善肌肤,10716,,887,188,86,0
516,76,Pechoin000516,百雀羚一刻面膜贴20片装 款式随机发   补水保湿美白淡斑提亮肤色收缩毛孔,20371,面膜搭档,621,240,89,89
517,28,Pechoin000517,百雀羚水凝润养深层洁面乳100g清洁污垢温和清爽不紧绷女洗面奶,15885,,829,96,76,0
530,29,Pechoin000530,新品上市 百雀羚恒采新颜细肤精华水95ml 草本奇迹水 紧致弹润保湿抚平细纹,16028,,855,198,149,0
26,36,Pechoin000026,百雀羚水嫩倍现至尚套装 (洁面+水+霜)送:护发素500ml+化妆包+蜂蜜试吃20g+脸扑 平衡劲爽 改善粗糙黯沉干纹,6535,,861,210,175,175
211,29,Pechoin000211,百雀羚亮肤型cc霜 新品 水嫩精纯莹采修饰乳40g 裸妆遮瑕美白补水保湿隔离,2220,,875,128,118,109
27,36,Pechoin000027,百雀羚水能量套装6件组合装 洁容膏+美容液+焕颜凝乳+焕颜霜+臻纯肌底精华液+密润眼部精华乳  送:８杯水面膜1盒+随机甘油　深度锁水补水 舒缓修护细纹干纹,13142,高端补水,827,1157,789,789
28,37,Pechoin000028,百雀羚气韵臻白如玉莹肌套装 洁容膏+美容液+乳液 送:面膜2片+随机甘油+随机小样2个 美白淡斑淡化色素补水保湿,20795,,645,328,258,258
29,38,Pechoin000029,百雀羚水嫩倍现精华水+精华乳 夏天适合 活动价 通透保湿 清透补水,1194,,884,120,102,0
30,36,Pechoin000030,百雀羚水嫩倍现防晒草本三件套装 精华水+精华乳液+美白防晒乳  水乳防晒发新包装 升级版 防晒PA50+补水保湿 隔离防晒 夏季抗辐射润白 有防伪码,18404,,471,258,215,215
309,53,Pechoin000309,百雀羚 （气垫BB)肌源透润气垫修容霜15g*2 裸妆bb霜 【自然色】水润遮瑕 遮盖暗沉细纹 修饰瑕疵,11667,底妆首选,575,198,158,158
31,36,Pechoin000031,百雀羚水嫩3件套装 净透洁面+精华水+精华乳液 水乳发新包装升级版 送:面膜2片+随机瓶装1个  美白补水保湿 水油平衡,21540,,299,210,175,175
223,29,Pechoin000223,百雀羚超值特惠装 八杯水保湿水嫩面膜3片+水嫩倍现盈彩精华面膜2片 新品,610,,875,66,39,0
32,13,Pechoin000032,百雀羚气韵臻白如玉2件套装  精华乳液120ml+美容液120ml  送随机甘油+护手霜 舒缓肌肤压力 均匀美白肤色,9572,,817,298,228,228
33,36,Pechoin000033,百雀羚草本精萃钜惠套装5件套 补水保湿水乳霜眼霜洗面奶缓解干燥,29839,,517,228,158,158
620,76,Pechoin000620,百雀羚 帧颜淡纹修护水乳两件套 送：帧颜系列霜8g*2瓶+因雀思听面膜5片  王一博同款 补水套装抗老紧致抗皱,227,买一送七,885,964,615,615
34,36,Pechoin000034,百雀羚 水嫩精纯乐享体验套装　旅行洁面20g/卸妆洁面随机发+水凝露8g+美肌水25ML,4326,,750,30,18,9.9
221,36,Pechoin000221,百雀羚致选体验三套装（非卖品）保湿美白补水 美肌水10ml+精华露10ml+水凝露8g,8679,,9975,25,15,15
35,76,Pechoin000035,百雀羚气韵焕白靓澈润宠礼盒 送：洗护一套+随机面膜一片+小样随机一个+粉扑一个  保湿补水 美白祛黄提亮 滋润滋养,45384,,1142,309.59,258,258
603,30,Pechoin000603,百雀羚复颜晶白雪润莹肌水95ml 轻盈润肌清澈白皙补水保湿亮肤,3503,,887,168,138,138
507,38,Pechoin000507,百雀羚男士肌活劲能套装 清爽补水控油保湿 护肤套装,12,,888,284,255,0
36,48,Pechoin000036,百雀羚 水嫩细致精华洁面膏95g 送：因雀思听面膜2片+玫瑰水小样2个  深层清洁清爽 细致温和 补水细致舒缓洗面奶 ,15612,,152,78,62,49
37,49,Pechoin000037,百雀羚 水嫩精纯卸妆洁面乳95g 清洁毛孔 温和卸妆 深层清洁保湿 净透滋润舒缓肌肤 提亮肤色 有防伪码,11392,,395,98,78,78
38,49,Pechoin000038,百雀羚免洗面膜 水嫩精纯明星睡眠面膜/免洗型200g 送:百雀羚芦荟胶180g一盒（随机款） 滋润补水保湿 有防伪码,16419,买一送一,886,138,118,118
39,43,Pechoin000039,百雀羚 草本亮肤补水保湿滋养面膜贴8片装  芦荟深层补水 改善肌肤透明度,4592,,347,120,69,49
207,36,Pechoin000207,百雀羚经典5件秋冬护肤套装 维C凤凰甘油75g+SOD蜜为他保湿250g+护肤脂41.5g+芦荟护手霜80g+小甘菊75ml 补水保湿滋润,4673,,744,98,55,55
40,49,Pechoin000040,百雀羚水嫩精纯保湿水凝露50g 送:百雀羚随机面膜2片+瓶装小样2个 补水保湿锁水 滋润美白 正品防伪查询,12062,,587,138,116,116
41,49,Pechoin000041,百雀羚 水嫩精纯眼部凝露15ml  送:面膜2片 走珠设计 舒缓浮肿 淡化黑眼圈 淡化细纹 舒缓压力,12441,,602,148,138,128
42,49,Pechoin000042,百雀羚 水嫩精纯防晒隔离乳40g 新款50SPF+ PA+++ 送：随机喷雾70ml一瓶 美白防晒防紫外线 隔离电脑辐射 有防伪码,15322,夏季热销,333,128,108,108
606,76,Pechoin000606,百雀羚多肽修护紧弹冻干粉精华套3ml7组 特惠立减20元 补水保湿紧肤抗皱淡化细纹,8567,下单立减20,850,618,138,138
43,49,Pechoin000043,百雀羚 水嫩精纯明星眼霜15ml新包装 送: 面膜1片+随机瓶装中样+脸扑 保湿 淡化黑眼圈修复细纹 消纹 补水保湿 ,13095,,881,168,136,136
44,48,Pechoin000044,百雀羚 水嫩净透精华洁面乳95g     深层清洁控油保湿补水 收缩毛孔 有防伪码,18919,,872,78,55,55
45,49,Pechoin000045,百雀羚 水嫩精纯明星美肌水100ml 送：随机面膜一片+瓶装小样一个 化妆水 保湿紧致 收缩毛孔祛暗沉,18992,,706,145,118,118
46,49,Pechoin000046,百雀羚 水嫩精纯肌底精华液30ml 送:随机面膜2片+随机瓶装小样2个  修护新生 补水保湿 淡化舒缓  清新自然,11549,,534,168,136,136
47,49,Pechoin000047,百雀羚 水嫩精纯明星BB修颜霜40g 新款包装送:随机面膜2片+随机粉扑一个  隔离裸妆遮瑕控油　亮白保湿透气,13721,,236,158,118,118
607,43,Pechoin000607,百雀羚三生花玫瑰花酿润妍高保湿洁面膏90g 控油清洁毛孔补水正品,2960,,878,118,78,0
48,49,Pechoin000048,百雀羚 水嫩精纯能量元面霜/保湿霜45g 送:随机面膜1片+随机瓶装小样 补水保湿 锁水滋养 修护储水,10623,,419,153.6,128,118
49,49,Pechoin000049,百雀羚 水嫩精纯眼部精华液15ml 送: 面膜1片+随机瓶装中样+脸扑 清爽舒适 保湿紧致 淡化细纹 淡化黑眼圈眼袋 ,11371,,497,168,136,136
50,48,Pechoin000050,百雀羚 美白防晒乳60gSPF50+  送：百雀羚肌初赋活洁面乳40g一支+面膜一片+百雀羚洗手液500g一瓶+洗发露7.5ml*3袋  默认发新款 保湿防紫外线 清爽不油腻,32507,买一送六,891,78,69,69
614,37,Pechoin000614,,0,买一送五,688,466,388,388
51,29,Pechoin000051,百雀羚 水嫩倍现能量精华面膜-8片 补水美白保湿,9053,,871,79,57,0
52,76,Pechoin000052,百雀羚 水嫩倍现盈透精华水100ml 发新包装    送百雀羚补水面膜一片+随机瓶装小样一个+化妆棉一盒   补水保湿 提亮肤色 新包装,45931,补水爆款,8908,98.4,82,82
53,48,Pechoin000053,百雀羚 水嫩倍现保湿精华霜50g  新包装 送：随机面膜一片+随机小样一个+粉扑一个 补水保湿滋润亮白护肤面霜  平衡水油 有防伪,22342,,1172,108,89,89
54,48,Pechoin000054,百雀羚 水嫩盈透洁面泡沫150ml 洗面奶 美肤控油深层清洁 温和美白护肤 有防伪码,15440,,312,65,56,56
55,43,Pechoin000055,百雀羚小雀幸澄净美肌亮肤面膜20片 补水保湿细致柔滑改善暗沉正品国货,10794,,797,240,128,128
56,48,Pechoin000056,百雀羚 水嫩柔滑夜间精华面膜110g 免洗睡眠面膜 美白补水保湿滋补 有防伪码,17733,,7166,88,68,68
57,48,Pechoin000057,百雀羚 水嫩倍现保湿精华乳液100ml  新包装   保湿补水 提亮肤色 抗氧化,33111,明星乳液,7940,118,89,89
544,74,Pechoin000544,百雀羚持妆亮采无暇气垫BB霜 （亮肤色/自然色）下单请备注色号，没有备注随机发哦！  送：同款替换装一个+随机甘油一瓶+随机面膜一片+小样一个水润持久隔离遮瑕轻薄CC霜,17894,,709,165.6,138,143
58,48,Pechoin000058,百雀羚 水嫩倍现保湿特润霜50g 送:随机面膜1片+随机瓶装小样  保湿锁水 滋养 抗氧化 提亮肤色 有防伪码,14400,,441,90,82,82
59,52,Pechoin000059,百雀羚男士洁面乳150g  (清爽醒肤)　洗面奶 清爽滋润 平衡油脂 收毛孔,5922,,883,33.6,28,0
60,52,Pechoin000060,百雀羚 男士润肤露125ml (爽肤型)保湿 改善粗糙晦暗,6719,,881,40.8,34,0
61,52,Pechoin000061,百雀羚 男士焕能清新洗颜泥 140g缓解疲劳 清爽舒适 控油保湿 深层洁面 有防伪码,11757,,317,35,27.5,27.5
62,52,Pechoin000062,百雀羚 男士控油磨砂洁面膏140g 送 控油水润保湿乳40g 优惠装 送：三生花洗发露7.5ml*5袋包  保湿补水去油光,11783,,482,48,34,0
63,52,Pechoin000063,百雀羚男士润肤霜（滋润型）50ml 滋养保湿,5664,,885,37.2,31,0
64,52,Pechoin000064,百雀羚 男士焕能醒肤修护霜50g+35g 醒肤露 保湿补水舒缓倦容 有防伪码,9818,,707,67.2,56,0
65,52,Pechoin000065,百雀羚 男士深层净化洁面泡沫150ml 洁面 剃须舒爽 清爽不紧绷补水保湿 有防伪码,11574,,672,48,43.5,0
66,52,Pechoin000066,百雀羚男士洁面乳150g（ 保湿滋润 ）焕发俊逸神采,6710,,883,33.6,28,0
67,52,Pechoin000067,百雀羚 男士控油保湿爽肤水100ml 净爽去油 收敛毛孔 补水保湿 有防伪码,12445,,498,56.16,46.8,0
68,52,Pechoin000068,百雀羚 男士控油水润保湿乳 100g 净爽去油光 保湿补水美白 收缩毛孔 有防伪码,12609,,491,59,49,0
69,76,Pechoin000069,百雀羚 男士平衡水润保湿霜50g+男士控油磨砂洁面膏140g+控油水润保湿乳40g  双十一特惠男款 （送：百雀羚小幸韵黑面膜3片+三生花洗发露2袋包） 平衡油脂分泌 深层保湿滋润 有防伪码,11483,买一送五,633,124,69,69
70,52,Pechoin000070,百雀羚 男士活力焕能醒肤露95g 保湿乳液 舒缓倦容 护肤品化妆品 有防伪码,12479,,665,62,55,49
71,5,Pechoin000071,百雀羚 焕肤亮白滋养乳100g 送 精华水25ml  保湿美白补水 亮白水润 改善肤色 有防伪码,6793,,735,39,35,0
72,76,Pechoin000072,新品上市 百雀羚多效修护都市防晒冰爽隔离喷雾SPF50+PA+++ 150ml 冰爽隔离锁水保湿养肤防晒喷雾 赠品如有小更换请谅解哦！,5524,买一享四,836,188,129,129
73,5,Pechoin000073,百雀羚 8杯水保湿水嫩面膜贴22g*5片  补水保湿美白 莹润水嫩 细致柔滑  有防伪码,34226,,1720,35,29,0
74,5,Pechoin000074,百雀羚水润保湿睡眠面膜 110g 夜间免洗面膜 补水美白,12148,,881,46.8,39,0
75,5,Pechoin000075,百雀羚 草本无暇透白紧致眼膜6对装 保湿紧致淡化干纹黑眼圈 有防伪码,7740,,25,40.8,34,0
76,5,Pechoin000076,百雀羚 水润深层保湿霜50g送美肌水25ml  送：百雀羚面膜一片+三生花花酿精华水小样瓶装2个 （赠品如有小更换不另行通知哦！）平衡补水保湿美白护肤化妆品 有防伪码,10995,买一送四,636,66,55,55
77,5,Pechoin000077,百雀羚 焕肤透亮美白霜50g美白霜+25ml精华乳液 白皙透亮补水 保湿润泽 ,14714,,8,39,34,34
78,5,Pechoin000078,百雀羚 8杯水倍润精华霜50g 送：随机面膜2片+随机瓶装一个补水保湿滋养 补充营养 改善粗糙 ,12259,,464,69,55,0
79,5,Pechoin000079,百雀羚弹力焕采面膜5片装 补水抗皱 提拉紧致,2986,,882,40,25,0
80,5,Pechoin000080,百雀羚 护肤橄榄精华油1号180ml 身体护理 补水保湿 滋养肌肤 有防伪码,12279,,467,58.8,49,49
81,5,Pechoin000081,百雀羚8杯水保湿水嫩面膜/八杯水补水面膜贴 美白滋润,6776,,830,28.8,24,0
82,5,Pechoin000082,百雀羚 草本臻采透白紧致眼霜30g 去黑眼圈眼袋 淡化细纹 浮肿 有防伪码,6075,,509,56,47,0
83,5,Pechoin000083,百雀羚 小甘菊滋养美手霜75ml 2支 护手霜美白滋润清香 滋润养护 经典老款无防伪码,8200,,867,39,25,25
84,5,Pechoin000084,百雀羚海藻深层补水甘油-160g,22173,,888,36,29,0
85,5,Pechoin000085,百雀羚净白补水面膜面膜-5片装,11300,,882,30,25,0
86,5,Pechoin000086,百雀羚保湿亮白洁面膏,2104,,883,40,28,0
87,5,Pechoin000087,百雀羚 草本水润深层保湿乳100ml 送：百雀羚面膜一片+小瓶瓶装水15ml*2个 补水控油 保湿美白 双重补水锁水 有防伪码,12070,买一送二,832,69,55,0
88,5,Pechoin000088,百雀羚 控油净化洗颜泥95g 洗面奶 美白清爽控油 深层清洁 去除残妆,16045,,309,48,32,32
89,5,Pechoin000089,百雀羚焕肤亮白水晶面膜110g 盈润滋养面膜 补水保湿美白提亮肤色,1356,,887,43.2,36,0
90,5,Pechoin000090,百雀羚 草本润白滋养精华霜50g 水润亮白淡斑 补水保湿 白皙柔嫩 有防伪码,8165,,607,50.4,42,42
91,5,Pechoin000091,百雀羚 草本净白亮肤隔离霜35g 防辐射妆前乳 美白保湿补水 防晒遮瑕 有防伪码,6831,,275,50.4,42,0
92,5,Pechoin000092,百雀羚 净白莹润柔肤水100ml 清爽保湿补水  柔白不油腻 收缩毛孔 水油平衡,4375,,428,55,45,0
93,5,Pechoin000093,百雀羚 草本水润保湿洁面乳95g 洗面奶  草本护肤 去污清洁 持久保湿 有防伪码,18121,,800,33.6,28,0
548,74,Pechoin000548,百雀羚轩舞宫窗多宝阁礼盒套装 限购一套 唇膏护手霜精华液淡化细纹保湿滋润,9156,520特推款,798,618,189,189
94,76,Pechoin000094,百雀羚 草本活力紧致眼部精华ㄠ30g  双十一特惠（第二件半价）下单后联系客服改价 眼霜祛眼袋淡化黑眼圈 缓解眼部疲劳祛皱,21058,第二款半价,889,59,59,59
95,5,Pechoin000095,百雀羚h油修护护发素510ml,8024,,887,21,18,0
96,5,Pechoin000096,百雀羚人参营养护发素510ml,9896,,884,21,18,0
97,5,Pechoin000097,百雀羚 人参护发素500ml 滋养密集修护自然柔顺 头发护理发膜修复,12447,,547,30,25,25
98,5,Pechoin000098,百雀羚冷霜护肤脂【滋润型】,3883,,876,16,9,0
99,5,Pechoin000099,百雀羚 默默无蚊花露水145g,2798,,880,24,15,0
100,5,Pechoin000100,百雀羚 止痒润肤露(清爽型)/（保湿型）随机 身体乳200g送芦荟保湿护手霜限量优惠,11207,,645,31.2,26,0
101,5,Pechoin000101,百雀羚 经典凡士林保湿润肤霜120g 补水滋润清爽面霜小黄油,5695,,584,22.8,19,0
102,5,Pechoin000102,百雀羚 草本高水份凝水保湿霜55g 深层补水保湿 清爽面霜护肤  高效锁水,7025,,716,42,39,35
103,5,Pechoin000103,百雀羚保湿滋养面霜,1553,,886,24,18,0
104,5,Pechoin000104,百雀羚 草本高光粉底液1号 30ml  隐形遮瑕 隔离保湿 控油滋养 有防伪码,4589,,888,46.8,39,33
105,5,Pechoin000105,百雀羚凤凰果香杏仁护肤蜜165ml  两款任选,5696,,884,18,15,0
106,5,Pechoin000106,百雀羚凤凰甘油一号 75g珍珠 、维C、芦荟 三款  补水保湿滋润 要哪款请备注，无备注仓库随机发货！,28234,,671,10.79,9,9
184,36,Pechoin000184,百雀羚水嫩精纯6件套装 美肌水+净透洁面+明星BB霜+水凝露+明星眼霜+肌底精华液 含2片肌底面膜 送:随机甘油+护手霜 平衡保水亮白锁水 黑眼圈修护,5997,,858,655,488,488
107,5,Pechoin000107,百雀羚SOD蜜150g 芦荟补水\维他保湿\蛇油滋养 请备注味道,4757,,885,16.8,14,0
108,5,Pechoin000108,百雀羚蛇胆清凉花露水195ml 祛菲止痒保湿润肤,68838,,888,19.2,16,0
109,5,Pechoin000109,百雀羚默默无蚊驱蚊露145ml 花露水 夏季驱蚊 随机发,66036,,859,21.6,18,0
110,5,Pechoin000110,百雀羚润唇膏5g 唇部护理套装 补水保湿 天然滋润,17043,,886,19.2,16,0
111,74,Pechoin000111,百雀羚三生花美体乳300g身体乳 补水保湿滋润淡香体润肤露全身玫瑰花 山茶花两种型号下单备注,15101,,513,118,58,118
519,62,Pechoin000519,海之秘活源净白明眸眼霜20ml 保质期至2020年3月份 介意的亲请慎拍！淡纹紧致提拉去黑眼圈湿抗皱专柜正品,7841,,856,188,148,0
520,63,Pechoin000520,海之秘赋活焕白美白修护霜50g美白淡斑补水保湿去黄提亮美白懒人滋养霜专柜正品,6006,,883,238,188,0
521,62,Pechoin000521,海之秘活源净白亮肤滋养霜50g补水保湿美白亮肤专柜正品,6400,,888,188,138,0
112,5,Pechoin000112,百雀羚爆拆灵护肤霜,1479,,888,17,14,0
113,5,Pechoin000113,百雀羚 草本平衡润泽爽肤水100ml 美白补水保湿 清爽平衡肌肤 化妆水 有防伪码,14930,,629,55,45,45
114,5,Pechoin000114,百雀羚 祛痘修护精华素,23862,,883,74,41,0
115,5,Pechoin000115,百雀羚 草本清痘控油洁面泡沫150ml 深层洁面 控油祛痘 补水保湿 有防伪码,4099,,8,52,46,46
116,5,Pechoin000116,百雀羚 草本控油保湿乳液150g  2018.4月到期  抑油清痘 补水控油去黑头 清爽锁住水分 有防伪码,5851,,0,88,45,0
117,5,Pechoin000117,百雀羚 清痘调理爽肤水190ml  控油祛痘  补水保湿  收缩毛孔 有防伪码,6903,,2946,59,52,0
118,70,Pechoin000118,百雀羚 水能量焕颜美容液90ml 送：百雀羚随机面膜2片+随机小样瓶装2个   深层补水保湿化妆水柔肤淡化细纹,18317,,180,188,155,155
119,70,Pechoin000119,百雀羚 水能量焕颜霜50g  送: 绿茶酵母精华水50ml一瓶  补水保湿 舒缓 修护细纹 有防伪码,14795,买一送一,546,188,162,162
120,70,Pechoin000120,百雀羚 水能量臻纯肌底精华液30ml  送：随机面膜2片+随机小样瓶装2个   补水保湿 淡化细纹 滋润修护,14578,下单立减,522,208,178,0
121,70,Pechoin000121,百雀羚水能量焕颜凝乳90ml 送:随机面膜2片+随机甘油+随机瓶装小样    深层补水淡化细纹 滋润保湿修护紧致,15351,,585,188,158,158
505,76,Pechoin000505,百雀羚气韵珍萃滋养手护套装3支装 秋冬补水保湿滋润防干裂,9627,限量抢购,10,58,49,49
122,70,Pechoin000122,百雀羚 水能量焕采洁容膏80g  送:随机面膜1片+随机甘油+随机瓶装小样  深层清洁 补水保湿 绝不紧绷,17163,买一送三,487,110.39,92,92
123,76,Pechoin000123,百雀羚 水能量密润眼部精华乳20g  送:菁萃面膜5片+帧颜淡纹霜8g*3瓶+礼品袋一个  眼霜去黑眼圈眼袋细纹,13399,高渗透,558,208,172,172
124,8,Pechoin000124,百雀羚 气韵多效亮肤去角质素100g 草本去角质 焕白亮肤 祛暗黄 有防伪码,8914,,570,89,65,79
212,36,Pechoin000212,百雀羚SPA级眼部套装 水嫩精纯眼部精华液+明星眼霜  送:百雀羚面膜3片+随机甘油75g一瓶  保湿补水淡化黑眼圈眼袋,9448,,584,336,258,258
125,8,Pechoin000125,百雀羚 焕白清肌洗颜霜100g  焕白清肌控油 祛黄洁面 深层清洁洗面奶  清爽不紧绷 祛黄 有防伪码,7330,,713,51.6,43,0
126,8,Pechoin000126,百雀羚 多效亮肤按摩膏95g 抵抗刺激  提亮肤色 恢复肌肤弹性 有防伪码,6557,,845,108,79,65
127,8,Pechoin000127,百雀羚 焕白光彩保湿眼膜5对装 提亮缓压 补水注能 有防伪码,9762,,878,89,52,0
128,8,Pechoin000128,百雀羚多效焕白光彩面膜5片 提亮肤色 补充水分,4032,,880,98,61,0
129,8,Pechoin000129,百雀羚 能量焕白光彩日霜45g 锁水提亮 焕白祛黄 改善暗黄 防伪查询,7902,,745,138,92,0
506,37,Pechoin000506,百雀羚气韵水嫩倍现盈采礼盒套装3件装组合   送：百雀羚随机面膜3片+洗发露75ml+沐浴露75ml+瓶装小样随机3个  保湿补水滋润收缩毛孔洁面乳精纯水乳液,24988,买一送八,792,238,198,198
202,49,Pechoin000202,百雀羚水嫩精纯明星精华露100ml 送:百雀羚随机面膜2片＋化妆棉一盒  补水保湿修护滋润面部 舒缓修复 ,11022,,584,138,116,116
251,37,Pechoin000251,百雀羚气韵草本肌源透润美肌水100ml+水凝乳100ml 送:面膜2片+随机瓶装小样2个 化妆品2件套装 保湿补水润白,7940,,843,356,268,268
130,8,Pechoin000130,百雀羚 能量焕白润养晚霜45g 滋养修护 美白淡斑祛黄提亮肤色  有防伪码,9186,,768,138,92,0
131,8,Pechoin000131,百雀羚 焕白褪黄能量精华露40ml 送:面膜1片+脸扑 补水滋润去黄亮肤 提亮肤色 美白淡斑祛黄,9190,,716,128,96,0
132,8,Pechoin000132,百雀羚焕白光彩保湿喷雾50ml 保湿锁水 舒缓 白皙润泽,4286,,874,58,40,32
133,8,Pechoin000133,百雀羚 焕白祛黄醒肤乳100ml 送:面膜1片+脸扑 深层锁水 美白补水保湿滋养 有防伪码,10215,,776,100.8,84,84
197,8,Pechoin000197,百雀羚 气韵多效亮肤焕白光彩面膜5片 美白去黄补水保湿 有防伪码,8200,,873,68,49,0
134,8,Pechoin000134,百雀羚 气韵焕白亮采精华水120ml  舒缓肌肤 提亮光泽补水滋润保湿 有防伪码,9501,,39,78,59,59
135,11,Pechoin000135,百雀羚 气韵清透丝滑妆前乳30g保湿提亮遮瑕 细致毛孔  有防伪码 2016年1月到期已停产,4401,,875,162,135,102
136,13,Pechoin000136,百雀羚气韵无瑕臻颜修容霜50g  送:面膜1片+随机瓶装小样  BB霜裸妆 保湿润白遮瑕 防伪查询,17061,,616,158,119,109
137,5,Pechoin000137,百雀羚 气韵草本精油防冻防裂护手霜60g 滋养修护  锁住水分 滋润嫩肤,6144,,750,36,26,26
311,70,Pechoin000311,百雀羚水能量恒润乳霜50g 送:随机面膜2片+随机甘油+随机瓶装小样  补水保湿控油舒缓滋养 紧致淡化细纹,9636,,771,188,158,0
138,5,Pechoin000138,百雀羚 气韵草本止痒润肤露220g 2017年5月到期 补水保湿滋养身体乳 温和滋润,6630,,598,36.8,29,0
139,9,Pechoin000139,百雀羚 气韵草本水嫩倍现精纯眼部精华霜20g 送:面膜1片+随机瓶装小样 祛黑眼圈眼袋细纹 有防伪码 ,6099,,732,128,89,0
140,76,Pechoin000140,百雀羚三生花玫瑰小气泡卸妆洁面喷雾100ml 送：百雀羚茶萃保湿护手霜70g一支+因雀思听面膜2片 眼唇脸三合一卸妆水深层清洁,3424,买一送三,866,148,75,75
141,9,Pechoin000141,百雀羚 气韵草本水嫩倍现盈透精纯水120ml 送:面膜1片+随机瓶装小样 补水保湿锁水  快速吸收 有防伪码 ,13574,,656,94.8,79,79
142,9,Pechoin000142,百雀羚 气韵草本水嫩倍现保湿精纯乳液100ml  送:面膜1片+随机瓶装小样 深层保湿 密集能量 有防伪码,9648,,923,100.8,84,84
143,9,Pechoin000143,百雀羚 气韵草本水嫩倍现盈透洁面乳100g  送:随机小样1个 深层清洁 嫩滑保湿 有防伪码 ,10980,,1096,75,55,55
144,9,Pechoin000144,百雀羚 气韵草本水嫩倍现能量精华露40ml 送：面膜1片+随机瓶装小样  强化保湿 淡化细纹   有防伪码,8564,,875,128,94,94
145,9,Pechoin000145,百雀羚 气韵草本水嫩倍现保湿精纯霜45g 送:面膜1片+随机瓶装小样 补水锁水 强化保湿 温润渗透 有防伪码,9600,,1237,118,82,0
146,74,Pechoin000146,百雀羚李冰冰定制水光肌 恒时水光面膜（共5片） 补水保湿收缩毛孔提亮肤色正品 新老款随机发货 ,23427,冰冰特荐,731,69.6,58,58
147,10,Pechoin000147,百雀羚气韵舒漾紧致水乳2件套装 送：面膜2片+随机瓶装小样2个 柔肤水100ml+修护乳液100ml  ,8778,,565,177.6,148,148
148,10,Pechoin000148,百雀羚 气韵舒漾紧致洁面ㄠ120g（2020年12月到期介意的亲慎拍哦！）  自我修护 滑爽不紧绷 深层清洁 补水保湿,11524,,620,68,52,54
149,10,Pechoin000149,百雀羚 气韵舒漾紧致柔肤水100ml 送:面膜1片+随机瓶装小样  舒缓紧致保湿 降低敏感 温和肌肤 有防伪码,8469,,602,91.2,76,76
150,10,Pechoin000150,百雀羚 气韵舒漾紧致霜45g 送:面膜1片+随机瓶装小样  温和修护霜 防敏缓肤 锁水修复 有防伪码,6914,,809,116.39,97,108
151,10,Pechoin000151,百雀羚 气韵草本舒漾紧致乳液100ml （2020年12月到期介意的亲慎拍哦！）送:面膜1片+随机瓶装小样 舒缓肌肤 女补水保湿  有防伪码,9426,,764,108,79,0
152,10,Pechoin000152,百雀羚 气韵草本舒漾紧致冰晶露45g （2020年8月到期介意的亲慎拍哦！）送:面膜1片+随机瓶装小样 舒缓敏感 修复受损 补水保湿 有防伪码 新老包装随机发,12024,,663,128,95,95
153,11,Pechoin000153,百雀羚 气韵紧致抗引力育肤精华30g 送:面膜1片+随机瓶装小样 淡化细纹抗衰老提拉紧致 有防伪码,5065,,823,138,115,109
154,13,Pechoin000154,百雀羚 气韵菁萃复颜眼霜护眼宝15g  送: 面膜1片+随机甘油+随机瓶装小样 滋润补水去眼袋淡化细纹提拉紧致,11391,,611,148,122,122
155,11,Pechoin000155,百雀羚 气韵紧致抗引力净颜霜120g 送:面膜1片+随机瓶装小样 美白抗皱提拉紧致 紧致保湿洁面乳 有防伪码,5706,,840,109,78,89
156,11,Pechoin000156,百雀羚 气韵紧致抗引力金霜（日）2017.9月到期 送:面膜1片+随机瓶装小样 滋润抗衰老提拉紧致淡化细纹 有防伪码,5559,,798,116,84,84
157,11,Pechoin000157,百雀羚 气韵紧致抗引力金霜(夜）45g提拉紧致紧致舒松 淡纹保湿补水 有防伪码,6721,,822,138,108,108
198,11,Pechoin000198,百雀羚 气韵紧致抗引力育肤乳液100ml 送:面膜1片+随机瓶装小样 补水滋润紧致 淡纹抵抗下垂保湿 ,4822,,793,129.6,108,0
158,11,Pechoin000158,百雀羚 气韵紧致抗引力育肤露100ml 补水滋润提拉紧致 淡纹抵抗衰老 有防伪码,6333,,828,136,99,119
159,12,Pechoin000159,百雀羚 水凝恒润养肤精华液 30ml 送:面膜1片+随机瓶装小样 补水保湿 改善肤质 有防伪码,9671,,843,163.2,136,136
160,12,Pechoin000160,百雀羚 水凝恒润精华肌底液20ml  修护补水保湿 改善肤质 有防伪码,124810,,836,177.6,148,0
161,12,Pechoin000161,百雀羚气韵水凝恒润美肌水120ml 送:面膜1片＋随机瓶装小样  控油补水保湿 收缩毛孔,9456,,659,153,118,118
162,12,Pechoin000162,百雀羚 水凝恒润美肌妆前ㄠ30ml 均匀肤色 持久定妆 有防伪码,3205,,879,99,69,0
201,13,Pechoin000201,百雀羚 气韵臻白如玉精华素30ml  送:面膜1片+随机瓶装小样 深层补水保湿美白 有防伪码,7232,,827,198,139,0
163,12,Pechoin000163,百雀羚气韵水凝恒润紧致眼部凝露(包装随机发)15ml 送:随机体验套装一套+化妆包一个  淡化黑眼圈眼袋细纹,8881,,835,188,138,138
164,12,Pechoin000164,百雀羚 气韵水凝恒润透颜卸妆乳液60ml 深层清洁卸妆水 有防伪码,3521,,883,118,89,0
165,12,Pechoin000165,百雀羚 气韵水凝恒润洁肤膏120g 送:面膜1片+随机瓶装小样 洗面奶 补水保湿清洁污垢多余皮脂 清爽,8404,,746,99,72,79
166,12,Pechoin000166,百雀羚气韵水凝恒润养肤肌底液20ml 补水 改善暗沉粗糙,24181,,887,208,149,0
167,12,Pechoin000167,百雀羚 气韵水凝恒润莹肌润玉膏50g 送:面膜1片+随机瓶装小样 保湿补水 改善暗沉 有防伪码,8781,,862,153.6,128,128
168,12,Pechoin000168,百雀羚 水凝恒润晚安睡眠面膜140g 送:面膜1片+随机瓶装小样 锁水保湿 改善肤质 有防伪码,7641,,829,108,99,99
169,12,Pechoin000169,百雀羚 水凝恒润美肌面霜50g 送:面膜1片+随机瓶装小样 深层补水 改善暗沉 有防伪码,8118,,806,159,128,0
170,12,Pechoin000170,百雀羚 气韵水凝恒润滋养乳液120ml 送:面膜1片+随机瓶装小样 保湿补水 改善暗沉 防伪查询,7721,,832,159,129,135
171,13,Pechoin000171,百雀羚 气韵多效防护隔离霜30g 送:面膜1片+随机瓶装小样 防辐射美白保湿补水隔离 紫色:适合偏黄暗沉 正常肤色,8987,本款紫色,560,118,89,89
209,36,Pechoin000209,百雀羚草本精萃惊喜4套装+净白亮肤隔离霜  送:面膜1片+化妆棉+瓶装小样 保湿补水美白 防晒遮瑕 防暗沉防辐射 ,5713,,719,174,145,145
199,13,Pechoin000199,百雀羚 气韵轻透无瑕卓颜霜40g  送:面膜1片+随机瓶装小样 BB霜裸妆 保湿美白遮瑕强隔离 控油不脱妆妆,5725,,821,168,118,118
172,13,Pechoin000172,百雀羚 气韵草本臻白如玉养颜露60ml 送:面膜1片+随机瓶装小样 美白淡斑保湿补水 细致提拉紧致 有防伪码,8125,,852,168,128,138
173,13,Pechoin000173,百雀羚 气韵草本臻白如玉精华霜（清爽型）50g  送:面膜1片+随机瓶装小样 补水保湿美白去黄 有防伪码,8726,,811,168,126,0
200,13,Pechoin000200,百雀羚气韵臻白如玉极致霜50g （新包装:臻白如玉焕颜霜）送：面膜1片+随机瓶装小样   去黄美白淡斑 补水保湿,7225,,804,168,129,0
174,13,Pechoin000174,百雀羚 气韵臻白如玉洁容膏120g（新包装臻采如玉洁容膏）送:面膜1片+随机瓶装小样 洁面乳洗面奶 深层清洁 净白控油 新老包装随机发,9243,,668,99,72,69
175,13,Pechoin000175,百雀羚 气韵臻白如玉精华乳液120ml 送:面膜1片+随机瓶装小样 补水保湿 美白淡斑 有防伪码,9245,,742,168,124,0
176,13,Pechoin000176,百雀羚 气韵草本臻白如玉眼部精华15ml  送:面膜1片+随机瓶装小样 提亮眼周 淡化黑眼圈 缓解脂肪粒 淡斑美白,7752,,814,189,149,0
177,76,Pechoin000177,百雀羚水能量焕颜美容液70ml  特惠款 买一送一 深层补水保湿淡化细纹,9059,买一送一,711,118,99,99
178,13,Pechoin000178,百雀羚 气韵水凝透白防晒乳SPF35  防晒霜  防紫外线防辐射清爽 轻薄 淡化晒印 防伪查询,20807,,485,98,72,0
558,74,Pechoin000558,百雀羚三生花花样年华丝绒唇膏 口红哑光持久保湿不脱色（下单请备注色号哦！） 正品,4616,,882,168,135,0
179,41,Pechoin000179,百雀羚气韵莹白纯皙防晒隔离乳SPF50+PA+++ 发新包装 防水美白舒缓保湿 抗氧化淡化晒印,21658,防晒大促,355,168,115,115
180,13,Pechoin000180,百雀羚 气韵活肤恒颜粉妆乳（亮肤色）30g 定妆遮瑕提亮 细致毛孔 有防伪码,11360,,885,99,71,65
181,13,Pechoin000181,百雀羚 气韵活肤恒颜粉妆乳（自然色）30g 定妆遮瑕提亮 细致毛孔 有防伪码,8113,,884,99,71,0
191,37,Pechoin000191,百雀羚气韵草本水凝恒润三件套装礼盒 送:随机体验套装+化妆棉＋脸扑  保湿补水美白 改善暗沉粗糙肤质,7922,,794,328,258,256
192,36,Pechoin000192,百雀羚水嫩倍现盈透精华水100ml+精华乳液100ml  补水保湿 提亮肤色 抗氧化,13013,,2344,150,125,118
206,36,Pechoin000206,百雀羚水嫩倍现6件套装 至尚+精华乳+夜间精华面膜 送:面膜2片+随机瓶装小样2个+化妆包 秋冬补水保湿 深层滋润,31809,,1144,393.6,328,328
213,36,Pechoin000213,百雀羚化妆品套装 水嫩倍现护肤品五件 （净透洁面+ 精华水+精华霜）+乳液+水感能量精华　送随机赠品  秋冬补水保湿提亮  抗氧化 深层清洁 温和平衡油脂分泌,10818,,575,362,289,258
182,12,Pechoin000182,百雀羚 水凝恒润滋养面膜25g*5片 嫩肤滋润面膜 深层补水持久保湿滋润 有防伪码,6615,,883,110,82,0
183,13,Pechoin000183,百雀羚 气韵草本臻白如玉精华面膜5片/盒 美白补水滋润 有防伪码,7594,,884,120,84,79
185,36,Pechoin000185,百雀羚草本水嫩保湿3件套装 细致洁面膏+精华水+精华乳 送：随机面膜2片 加试用装,6332,,565,190.79,159,159
186,36,Pechoin000186,百雀羚水嫩精纯三件套装 美肌水+眼部精华液+肌底精华液 送:致选体验套装 淡化眼纹 平衡水油 收缩毛孔 ,6538,,858,364,298,298
187,38,Pechoin000187,百雀羚气韵草本紧致抗引力套装组合育肤露 乳液,2000,,888,248,178,0
188,37,Pechoin000188,百雀羚气韵草本臻白如玉5件套装组合 发单品（洁容膏+美容液+精华乳）+精华素+极致霜 送随机赠品 舒缓肌肤 均匀美白肤色 持久白皙亮泽 有防伪码,6966,,863,634.8,529,0
189,37,Pechoin000189,百雀羚气韵水凝恒润5件套装组合 （洁肤膏+美肌水+滋养乳）+养肤精华液+美肌面霜  送：凡士林润肤露60g+8杯水面膜1片+盈采面膜1片+毛巾+化妆棉+项链 补充水份及营养 改善暗沉粗糙 清爽柔滑 正品防伪查询,6271,,871,628,520,560
190,70,Pechoin000190,百雀羚 水嫩莹透隔离修颜霜/防晒BB霜SPF50+ 默认发新款送:随机面膜2片+百雀羚洗手液一瓶+随机小样瓶装1个  防晒隔离遮瑕 提亮肤色,159714,防晒隔离,347,188,158,158
193,38,Pechoin000193,百雀羚男士护肤品3件套装 控油磨砂洁面膏+保湿爽肤水+醒肤修护霜 送甘油 清爽净透 收敛毛孔 修复肌肤 平衡水油 ,6132,,820,78,138,136
194,38,Pechoin000194,百雀羚男士套装 男士控油洁面膏140g+保湿乳40g+爽肤水100ml 控油补水保湿清爽护肤 有防伪码,4563,,635,93.6,78,78
203,5,Pechoin000203,百雀羚滋润型护肤脂41.5g 经典国货 雪花膏补水保湿 防干燥,12665,,785,10.79,9,3.8
204,5,Pechoin000204,"百雀羚芦荟保湿护手霜80g或40g*2个有非卖品字样  滋养润泽改善干裂脱皮,",8651,,653,14,8,0
195,9,Pechoin000195,百雀羚 气韵水嫩倍现清润精纯霜45g保湿补水滋润 有防伪码,8826,,873,118,74,68
196,9,Pechoin000196,百雀羚 气韵水嫩倍现清润洁面精华100g  保湿补水滋润 深层清洁 水油平衡 有防伪码,13488,,842,66,55,0
224,5,Pechoin000224,百雀羚 草本保湿亮采洁面膏95g（老包装：保湿亮白洁面膏）送：三生花花酿水15ml+乳液10ml  如赠品稍有更换不另行通知哦！洁面乳美白补水深层清洁 有防伪码,16675,,563,39,28,0
217,29,Pechoin000217,百雀羚爽肤水 水嫩精纯明星活肤水100ml 美白补水保湿,1651,,888,99,94,0
218,49,Pechoin000218,百雀羚 水嫩精纯肌底精华面膜22g*5片 2盒送洗护一套 透肌吸收 肌质水润丝滑盒装 有防伪码,10372,,648,118,88,88
219,74,Pechoin000219,百雀羚 水嫩倍现盈采精华面膜22g*5片装/盒    买一盒送一盒 买两盒加送晴雨伞一把   新包装 美白保湿淡斑补水护肤品 日期为2022年1月到期 特价售 介意的亲慎拍哦！有防伪码,18088,买一送一,280,79,56,56
220,53,Pechoin000220,百雀羚 肌源透润净颜洁容膏100g 送:面膜1片+随机瓶装小样 深层清洁 新品上市 有防伪码,9007,,843,114,95,0
226,36,Pechoin000226,百雀羚 盈润保湿臻选养肤礼盒  水嫩精纯系列7件套装护肤品 卸妆洁面乳+明星美肌水+明星精华露 +明星修饰乳 补水保湿美白遮瑕裸妆 收缩毛孔 卸妆,12576,,633,321.6,268,258
227,38,Pechoin000227,百雀羚 盈润保湿臻选养肤礼盒,3983,,888,321.59,268,0
228,38,Pechoin000228,百雀羚气韵中国红礼盒 水凝恒润五件套装 化妆品  包邮 美白补水保湿 抗皱 抗敏感 收缩毛孔,2893,,888,585.6,488,0
229,37,Pechoin000229,百雀羚气韵中国红礼盒 水凝恒润五件套装 化妆品  包邮 美白补水保湿 抗皱 抗敏感 收缩毛孔,12427,,886,597.6,498,0
230,38,Pechoin000230,百雀羚男士活力劲爽护肤礼盒套装 送礼套盒九件套  去除油光收敛毛孔深层保湿净爽去油,5459,,857,274.8,229,173
233,36,Pechoin000233,百雀羚试用装体验套装3套组合 水嫩乐享套装+致选套装+尊享套装,5490,,862,57.59,48,0
231,38,Pechoin000231,百雀羚气韵套装 水嫩倍现臻采5件礼盒 护肤套装 补水 保湿 提亮肤色 滋润 包邮正品  ,2582,,888,357.59,298,0
232,36,Pechoin000232,百雀羚气韵套装 水嫩倍现臻采5件礼盒 护肤套装 补水 保湿 提亮肤色 滋润,4752,,881,432.59,298,0
234,1,Pechoin000234,百雀羚复颜晶白皙宠礼盒  送：三生花玲珑玉润喷雾70ml一瓶+甘油随机一瓶+面膜5片+水能量体验套装一套+随机粉扑一个 美白淡斑保湿紧致补水套装正品女护肤品套,36175,618特惠 ,793,538,388,388
509,53,Pechoin000509,百雀羚气韵肌源透润焕颜去角质凝露70g 温和去除老旧角质暗沉污垢,13084,,815,128,89,0
510,36,Pechoin000510,百雀羚恒采新颜臻宠礼盒  送：三生花面膜一盒5片装+甘油一个+瓶装3个 抗皱补水保湿嫩肤提亮光泽度,50417,抗皱首选,717,645.6,538,538
537,76,Pechoin000537,百雀羚草本水活能量密护眼部精华露20ml  （特惠款） 买一瓶送一瓶同款 赋活 弹力紧致眼周 淡化黑眼圈,10933,买一送一,878,238,169,169
538,27,Pechoin000538,百雀羚草本水活能量密护眼部精华露20ml  赋活弹力紧致眼周 正品,3,,888,238,185,0
539,27,Pechoin000539,百雀羚水活能量恒润乳霜50g 草本 水凝衡润 紧致润肤 正品带防伪,14045,,880,188,145,0
235,74,Pechoin000235,百雀羚 三生花手部护理礼盒护手霜套装新老款随机发   深层补水保湿滋润去角质 有防伪码,10327,,778,89,69,69
611,76,Pechoin000611,百雀羚天香雀舞28天赋颜安瓶礼盒28支 特惠款  送百雀羚洗手液一瓶+百雀羚随机面膜2片 保湿润养淡纹抗皱提亮肤色呵护肌肤 新品上市,3631,双12加赠,877,138,88,88
612,54,Pechoin000612,百雀羚气韵肌源奢白莹采淡斑精华露 改善暗沉美白提亮淡化色斑瑕疵,2417,持淡斑特证,884,398,218,218
236,43,Pechoin000236,百雀羚 三生花面膜贴金盏花10片装 保湿补水美白滋润 有防伪码,5623,,925,112,88,88
237,30,Pechoin000237,百雀羚三生花面膜贴女正品12片山茶花金盏花面膜保湿补水美白滋润,2003,,0,118.8,99,0
238,76,Pechoin000238,百雀羚三生花面膜贴随机发  买20片送10片  买2组加送花酿体验套装一套 新老包装随机发 补水保湿 滋润紧致收缩毛孔美白,18692,双旦礼遇季加赠组合,761,168,128,138
557,76,Pechoin000557,百雀羚 8杯水保湿水嫩面膜贴22g 1片装 女王节特惠单片,755,女王节特惠,330,4.8,4,4
272,43,Pechoin000272,百雀羚 三生花橄榄油护肤160ml 身体护理精华油  全身适用 孕妇可用,10592,,806,158,97,0
239,37,Pechoin000239,百雀羚 气韵水凝恒润尊享套装,11854,,794,21.59,18,0
240,36,Pechoin000240,百雀羚凤凰甘油一号套装 75g*3款 芦荟+维C+珍珠  保湿美白 滋养润肤 新老包装随机发,5876,,467,28.8,24,0
241,36,Pechoin000241,百雀羚水能量护肤品3件套装 （洁容膏+美容液+焕颜凝乳）送:小面膜一盒（小面膜暂缺货换成随机面膜一片）+瓶装随机3个+甘油1个+面膜3片 补水保湿滋润 修复舒缓 正品防伪查询,7951,,767,441.59,368,368
242,76,Pechoin000242,新品上市 百雀羚三生花晶莹水润防晒棒SPF45PA+++  送百雀羚因雀思听面膜3片+袋装7.5ml*3包 清爽不油腻女全身面部防紫外线隔离身体防晒霜,6263,买一送六,761,98,59,59
243,74,Pechoin000243,百雀羚草本焕采莹润亮肤面膜1片装  面贴膜保湿补水提亮肤色有光泽,7623,每片面膜,4717,6,3,3
244,43,Pechoin000244,百雀羚 三生花面膜1片   默认发金盏花细致嫩肤面膜 有防伪码,9473,,791,10.8,9,0
245,37,Pechoin000245,百雀羚 气韵草本肌源透润悦妍套装中样3件旅行装 补水保湿滋润亮肤,3835,,885,68,18,0
246,20,Pechoin000246,百雀羚洗面奶 肌源透润净颜洁容膏 深层清洁 新品上市,214,,888,81.6,68,0
247,53,Pechoin000247,百雀羚 气韵肌源透润漾感活肤水100ml   送:面膜1片+随机瓶装小样  爽肤水 化妆水 夏季补水保湿水嫩控油滋润,8462,,825,188,122,0
248,53,Pechoin000248,百雀羚 气韵肌源透润丝滑水凝乳100ml 送:面膜1片+随机瓶装小样 草本保湿 补水护肤品 有防伪码,9975,,856,177.6,148,0
249,53,Pechoin000249,百雀羚气韵肌源透润焕肤精华露40ml  补水保湿 收缩毛孔 有防伪码,14362,,84,248,188,188
250,55,Pechoin000250,百雀羚 气韵草本肌源赋活舒颜洁容膏100g 控油补水保湿去角质 有防伪码,1770,,887,90,75,0
252,53,Pechoin000252,百雀羚 气韵肌源透润奢采玉容霜50g  送:面膜1片+随机瓶装小样 保持水润平衡 改善干燥肌质 淡化干纹细纹,11216,,839,188,135,0
253,5,Pechoin000253,百雀羚 护手霜绵羊油40G*2个非卖品,10107,,755,14.4,12,0.01
254,53,Pechoin000254,百雀羚 气韵肌源透润恒采美肌水100ml 送:面膜1片+随机瓶装小样 调节水油平衡 滋润春夏 水润透亮 温和幼滑,10289,,816,168,125,0
255,55,Pechoin000255,百雀羚 气韵肌源赋活紧致精粹水 平衡爽肤 持久滋润 有防伪码,3435,,888,178,136,0
256,55,Pechoin000256,百雀羚 气韵肌源赋活弹润育肤乳100ml 饱满丰盈 紧实弹润 有防伪码,2639,,888,198,148,0
257,55,Pechoin000257,百雀羚 气韵肌源赋活焕颜精华液40ml 弹活隐纹 焕采活颜 有防伪码,3263,,888,222,185,0
258,37,Pechoin000258,百雀羚套装 气韵肌源赋活系列 洁容膏+精粹水+育肤乳 紧致补水保湿化妆护肤品  有防伪码,3836,,888,417.59,348,345
259,37,Pechoin000259,百雀羚气韵本草肌源透润深润悦享礼盒4件套 送：百雀羚晴雨伞一把（随机款）+百雀羚保湿面膜随机款5片+瓶装小样随机2个 盈润水嫩补水保湿锁水,8302,买一送八,876,639,388,388
261,36,Pechoin000260,百雀羚 三生花草本美白补水面膜12片装（紧致金盏花*7+8杯水*5)有防伪码,1891,,886,118.8,99,0
262,76,Pechoin000262,百雀羚 8杯水保湿水嫩面膜2盒 双十一特惠送：百雀羚小幸韵柳杉芽水漾透润黑面膜5片  八杯水深层补水 补充营养 嫩白保湿,23907,面膜实惠装,879,82.8,69,69
342,40,Pechoin000342,百雀羚 三生花青春紧弹焕采凝乳+美容液 化妆品2件套装 送3片面膜+甘油一个 提拉紧致补水滋润保湿护肤品 赠品如有小变动不另行通知,11573,,864,368,299,299
263,36,Pechoin000263,百雀羚 8杯水保湿水嫩面膜30片装（5*6盒）有防伪码,3465,,886,180,150,0
264,36,Pechoin000264,百雀羚 深层补水保湿面膜套装（八杯水面膜5片装*2+夜间精华面膜110g） 补水锁水保湿 温和天然润白,6293,,870,155,105,102
265,76,Pechoin000265,百雀羚水嫩倍现五件套装 (洁面+霜+水+CC霜)+乳液 秋季特惠    送：百雀羚三生花多重护发膏280ml一支+百雀羚保湿面膜3片+百雀羚三生花舒缓保湿喷雾70ml一瓶+百雀羚三生花精油香氛洗发露7.5ml*3袋   补水保湿滋润超值明星,60225,明星套装,826,368,279,279
563,43,Pechoin000563,百雀羚三生花虞美人紧致弹力眼膜7ml*5组装 盒装嫩肤淡化细纹5片装,5949,,819,68,42,0
266,12,Pechoin000266,百雀羚 睡眠面膜免洗水凝恒润晚安面膜50g 补水美白 有防伪码,11935,,1,46.8,39,0
267,37,Pechoin000267,百雀羚 气韵肌源透润悦妍套装 中样3件旅行装,12793,,881,21.6,18,0
268,37,Pechoin000268,百雀羚气韵草本臻白如玉焕采净白礼盒臻采套装4件套 送:面膜3片+随机瓶装小样2个+化妆棉 美白去黄滋润,8685,送:面膜3片+随机瓶装小样2个+化妆棉,830,369,288,288
528,29,Pechoin000528,新品上市 百雀羚草本恒采新颜睛致修护眼霜15g  会员送：精华水70ml+霜8g紧致提拉 淡化眼部干纹细纹 专柜正品,15500,,851,234,195,0
529,29,Pechoin000529,新品上市 百雀羚草本恒采新颜菁纯面霜50g 深层滋润 紧致保湿改善肌肤正品,12593,买一送三,861,228,165,0
269,36,Pechoin000269,百雀羚透感靓白亮肤礼盒 4件组合套装美白补水亮肤滋润肌肤正品,14334,,863,298.59,258,258
540,27,Pechoin000540,百雀羚草本水活能量恒采修护霜50g  买一送六 润活焕颜 盈润赋弹 正品带防伪,16032,买一送六,879,188,145,0
270,39,Pechoin000270,海之秘深海珍萃肌源清润套装 送:百雀羚舒缓喷雾70ml一瓶+面膜3片+水能量体验装一套+粉扑一个  补水保湿滋润肌肤深层补水嫩肤养肤,22994,高端套盒,855,464,358,358
594,36,Pechoin000594,全新上市  百雀羚复颜晶白净透淡斑礼盒   补水保湿美白提亮淡化色斑护肤套装,14693,买一送五,865,548,438,438
543,70,Pechoin000543,百雀羚水光弹润精华霜50g 送：随机面膜一片+甘油一个+瓶装小样一个 保湿补水紧致淡化细纹素颜霜,10137,,879,238,188,198
608,76,Pechoin000608,百雀羚三生花玫瑰花酿高保湿水润4件套  双十一特惠款 送：玫瑰花酿水15ml*7支+会员加送：帧颜淡纹霜8g*3瓶 水润舒缓强化锁水提亮肤色,2921,买一送十 ,885,459,338,368
511,40,Pechoin000511,百雀羚三生花冰清莹白水乳2件套装护肤品 爽肤水+晶采乳液  保湿补水提亮肤色淡化色斑 送：面膜3片+小样2个+小镜子一个,9928,商城特推,873,357,298,0
512,40,Pechoin000512,百雀羚三生花冰清莹白3件套装 亮肤水+晶采乳液+雪凝霜 赠品如有变动不另行通知 保湿补水提亮肤色淡化色斑护肤,14045,,873,599,428,428
271,5,Pechoin000271,百雀羚草本焕采莹润亮肤面膜5片装/盒  送：百雀羚随机面膜2片 面贴膜保湿补水提亮肤色,15592,买一送二,485,75,62,62
273,44,Pechoin000273,百雀羚 三生花控油清肌平衡水凝乳100ml 送：随机面膜2片  控油补水 保湿滋养 抗痘  ,11288,,803,177,148,0
274,44,Pechoin000274,百雀羚 三生花控油清肌滢透爽肤水100ml 送：百雀羚三生花玲珑玉润菁华乳70ml+百雀羚随机面膜3片 补水滋养 收敛毛孔控油 滋养抗痘调理油性肌肤 ,8806,买一送四,764,179,145,145
275,44,Pechoin000275,百雀羚 三生花控油清肌调理水凝霜50g 送：随机面膜2片  补水清爽调理控油 收敛毛孔 ,10393,,831,186,155,0
276,43,Pechoin000276,百雀羚三生花草本蚕丝面膜补水面膜贴美白保湿细致嫩肤20片装随机款式,8337,,586,199,149,149
514,40,Pechoin000514,百雀羚三生花面膜贴10片 款式随机发 补水保湿蚕丝女小雀幸海藻睡眠,7618,推荐,853,90,75,75
277,44,Pechoin000277,百雀羚 三生花控油清肌莹透修饰乳30g CC霜 送：随机面膜2片 保湿美白控油裸装遮瑕强 ,13648,,810,186,159,0
278,45,Pechoin000278,百雀羚 三生花玲珑玉润清肌洁容膏90g 送：随机面膜1片 深层清洁洗面奶女补水保湿洁面乳 防伪查询,10568,,820,117.6,98,0
279,45,Pechoin000279,百雀羚 三生花玲珑玉润卸妆洁面乳90g 送随机面膜1片 深层清洁收缩毛孔,12314,,776,110.39,92,92
280,45,Pechoin000280,百雀羚 三生花玲珑玉润清滢醒肤水100ml 送：同系列菁华乳70ml一瓶+百雀羚面膜3片 化妆水 补水保湿滋润 平滑舒缓,13211,买一送四,833,176,147,0
281,45,Pechoin000281,百雀羚 三生花玲珑玉润悦活水凝霜50g 送：随机面膜2片 补水保湿水润滋养精华霜,12252,,843,198,165,0
282,45,Pechoin000282,百雀羚 三生花玲珑玉润沁养美容液100ml 赠品如有更换不另行通知 化妆水瞬间补水 持久保湿 调节水平衡 ,10915,,861,177.6,148,0
283,45,Pechoin000283,百雀羚 三生花玲珑玉润凝水菁华乳 100ml 送：随机面膜2片  补水保湿滋润  持久柔滑正品国货,13766,,857,189.6,158,0
284,45,Pechoin000284,百雀羚 三生花玲珑玉润菁纯精华液30ml 双11特价款 送：百雀羚因雀思听面膜2片+三生花玲珑玉润中样水20ml+乳液20ml+三生花洗发露7.5ml*5袋  赠品如有更换不另行通知 补水保湿淡化细纹提拉紧致肌底液 ,11904,特惠款,849,198,148,148
285,45,Pechoin000285,百雀羚 三生花玲珑玉润睛采眼部精华液15ml 送：百雀羚水嫩精纯清滢弹润面膜3片   淡化眼袋细纹补水保湿紧致,11822,,846,219,175,0
286,5,Pechoin000286,百雀羚甘油套装 凤凰甘油一号170g*3 滋润补水 嫩白保湿 国货护肤 芦荟维C珍珠 有防伪码。新老包装随机发,1408,,885,42,35,35
287,43,Pechoin000287,百雀羚 三生花水养海藻睡眠面膜200g 补水保湿美白收缩毛孔免洗 ,16998,,795,189.6,158,149
288,44,Pechoin000288,百雀羚 三生花控油清肌净透洁面膏90g  送：百雀羚三生花舒缓喷雾70ml+百雀羚随机面膜2片 深层清洁 清洁收缩毛孔祛油脂污垢,12908,买一得三,651,92,78,0
289,40,Pechoin000289,百雀羚三生花控油清肌净透活力礼盒 送：面膜3片+瓶装3个 赠品如有变动不另行通知 清爽滋润控油保湿正品,10921,买一送六,826,359,299,299
290,47,Pechoin000290,百雀羚 三生花青春紧弹活颜美容液100ml 赠品如有更换不另行通知 补水保湿滋润紧致爽肤水 ,14627,,798,188,149,0
291,47,Pechoin000291,百雀羚 三生花青春紧弹沁润眼部精华液15ml 送：随机面膜一片+甘油一瓶+随机瓶装一个 淡化细纹眼袋黑眼圈补水  防伪查询,12566,,758,249,178,0
292,47,Pechoin000292,百雀羚 三生花青春紧弹焕采凝乳100ml 赠品如有更换不另行通知 提拉紧致补水保湿滋润乳液 ,10579,,832,228,168,0
293,47,Pechoin000293,百雀羚 三生花青春紧弹温润洁面ㄠ90g 赠品如有更换不另行通知 洗面奶深层清洁保湿滋润洁面膏 ,10678,,838,105.6,88,0
294,47,Pechoin000294,百雀羚 三生花青春紧弹焕活滋养霜50g  赠品如有更换不另行通知 提拉紧致 补水保湿滋润  锁水提亮 ,9617,,828,201.6,168,0
295,42,Pechoin000295,百雀羚 三生花舒缓细肤温和洁面泡沫150ml 送：随机面膜1片 洗面奶深层清洁补水保湿清爽 有防伪码 ,10888,,678,139,95,0
296,47,Pechoin000296,百雀羚 三生花青春紧弹赋活精华液30ml 赠品如有更换不另行通知 补水保湿滋润提拉紧致面部 有防伪码 ,11480,,808,225.6,188,0
297,42,Pechoin000297,百雀羚 三生花舒缓细肤清漾调理水100ml 送：随机面膜2片 补水保湿化妆水爽肤水舒缓干燥抗炎抗过敏,10652,,704,177.6,148,0
298,42,Pechoin000298,百雀羚 三生花舒缓细肤柔护霜50g 送：随机面膜2片  面霜 补水保湿滋润精华霜清爽锁水女 有防伪码 ,8432,,807,190.8,159,0
299,42,Pechoin000299,百雀羚 三生花舒缓细肤柔润凝乳100g 送：随机面膜2片 乳液 补水保湿清爽滋润精华乳 有防伪码 ,10764,,797,199,156,0
300,42,Pechoin000300,百雀羚 三生花舒缓细肤沁肌精华液30ml 送：随机面膜2片  补水保湿滋润肌底液面部  ,8474,,811,248,179,0
301,40,Pechoin000301,百雀羚三生花玲珑玉润套装 洁面+醒肤水+水凝霜 补水保湿滋润护肤品面部护理化妆品 清洁清爽 收缩毛孔 深度滋养,7128,,860,428,348,0
302,76,Pechoin000302,百雀羚三生花青春紧弹焕肤滢润礼盒4件套 双11特惠款  送：三生花多效芦荟凝胶180g一盒+百雀羚随机面膜5片+中样旅行套装一套   提拉紧致补水滋润保湿　赠品如有小变动不另行通知 ,9975,双十一特惠款,858,468,388,388
303,40,Pechoin000303,百雀羚 三生花舒缓细肤三件套装 洁面泡沫+调理水+润凝乳 送:三生花面膜4片+瓶装3个+甘油一个 温和清洁 保湿修护舒缓,13257,特惠套装,769,420,348,348
304,36,Pechoin000304,百雀羚新品 至臻皙白4件套装 (洁面+水+乳+霜) 送:面膜1盒+随机甘油 美白提亮肤色 淡化细纹淡斑,45116,淡斑首选,793,584,478,468
305,40,Pechoin000305,百雀羚三生花舒缓细肤嫩妍舒润礼盒 送：百雀羚三生花园面膜一盒+护发素500ml一瓶 滋润补水保湿敏感,13732,,795,428,348,348
604,74,Pechoin000604,百雀羚新品 橙花倍护洗手液500g   买一送一 家用花香按压温和清洁保湿滋润无防伪,2531,买一送一,870,36,22,0
471,40,Pechoin000471,百雀羚三生花冰清莹白光彩雪肌套装  送：（喷雾一瓶+面膜3片+甘油一个+旅行装一套）  水乳精华洁面 补水保湿提亮肤色淡斑,22288,爆款套装,862,466,388,388
472,49,Pechoin000472,百雀羚cc霜 水嫩精纯莹采修饰乳40g（软管）（2019年11月到期，介意的亲请慎拍哦！） CC霜  送：随机面膜一片+化妆棉一个 隔离遮瑕美白滋润,27358,,723,106.8,89,99
473,39,Pechoin000473,百雀羚 海之秘活源倍润深度保湿套装 洁肤水+滋养乳+保湿霜+眼霜+面膜+眼部导入仪,5137,,882,465.59,388,388
306,5,Pechoin000306,百雀羚 保湿滋养面霜50g 补水保湿滋润适合干性皮肤护肤品经典正品,3511,,800,18,15,0
307,9,Pechoin000307,百雀羚气韵草本水嫩倍现2件套装 盈透精纯水+保湿精纯乳液 送:面膜2片+随机瓶装小样2个 深层补水保湿,10266,,687,169,149,149
308,8,Pechoin000308,百雀羚焕白祛黄2件套装 醒肤水120ml+醒肤乳100ml  送:面膜1片+随机瓶装中样+脸扑 深层锁水 美白补水,7377,,738,179,149,149
310,37,Pechoin000310,百雀羚气韵水凝恒润优享七件套礼盒装 送:面膜2片＋随机瓶装2个＋化妆棉 补水保湿美白国货护肤品套装,5742,,868,402,335,335
355,37,Pechoin000355,百雀羚气韵草本水嫩十全十美钜享十件套装 送:面膜2片+化妆棉+随机小样2个 盒装补水保湿倍现滋润礼盒,21554,,755,358,298,298
312,5,Pechoin000312,百雀羚润唇膏8g+5g 唇部护理套装女 补水保湿 滋润天然 丰盈润唇凝露,5960,,753,16.68,13.9,0
313,36,Pechoin000313,百雀羚新品上市套装 水嫩保湿劲爆超值礼盒 洗面奶水乳液BB霜面膜眼霜  水嫩补水保湿美白 去多余油脂和老化角质 隔离遮瑕 控油裸妆 淡化黑眼圈眼袋 。送随机赠品,6182,,691,348,249,249
314,49,Pechoin000314,百雀羚 水嫩精纯明星活肤水100ml 送面膜1片 化妆水爽肤水保湿补水收缩毛孔,13254,,563,139.2,116,116
315,64,Pechoin000315,百雀羚至臻皙白焕亮防晒霜40g 送:面膜1片+随机甘油+随机瓶装小样 防紫外线防晒SPF30美白隔离防晒乳 卓妍淡斑,14864,赠品,456,168,139,136
316,37,Pechoin000316,百雀羚气韵肌源奢白雪颜润白礼盒  美白淡斑提亮肤色正品女补水保湿,42284,,666,549,435,435
317,5,Pechoin000317,百雀羚护发 银杏护发素500ml 抚平毛躁受损 双重补水锁水 深层营养秀发,15842,,693,30,25,25
318,53,Pechoin000318,百雀羚 (气垫BB)肌源透润气垫修容霜15g*2个  裸妆bb霜 【亮肤色】送：三生花清妍悦肤舒润卸妆水253ml一瓶   水润遮瑕 遮盖暗沉细纹修饰瑕疵,33683,底妆首选,711,198,158,158
449,76,Pechoin000449,百雀羚小雀幸面膜20片 款式随机 补水保湿收缩毛孔免洗女小确幸,10551,,794,240,89,89
493,49,Pechoin000493,百雀羚草本水嫩精纯焕肤去角质素70g　面部温和去死皮保湿美白男女,24239,,702,128,75,0
319,48,Pechoin000319,百雀羚超值特惠装面膜 2片水嫩倍现盈采面膜+3片8杯水保湿水嫩面膜 ,4597,,873,68,45,0
320,55,Pechoin000320,百雀羚气韵肌源赋活紧致精粹水100ml   送:面膜1片+随机瓶装小样  补水保湿滋润收缩毛孔平衡爽肤 持久滋润,10322,,819,182.4,152,0
321,55,Pechoin000321,百雀羚气韵肌源赋活弹润育肤乳100ml  送:面膜1片+随机瓶装小样 紧致饱满丰盈 增强皮肤弹性 清爽保湿 补水,10218,,856,190.8,159,0
322,12,Pechoin000322,百雀羚气韵草本 水滢嫩肤保湿面膜5片装 正品专柜补水保湿亮肤,9622,,765,46.8,39,0
323,55,Pechoin000323,百雀羚气韵肌源赋活焕颜精华液40ml 送:面膜1片+随机瓶装小样 弹活隐纹 焕采活颜 收缩毛孔,9990,,822,201.6,168,0
324,54,Pechoin000324,百雀羚气韵肌源奢白舒纹眼部精华露20ml提拉紧致补水淡纹淡化鱼尾纹,12930,,778,238,188,0
325,55,Pechoin000325,百雀羚气韵肌源赋活紧肤滋养霜50g 送:面膜1片+随机瓶装小样 紧致提拉 面霜 保湿补水美白 专柜正品,9612,,801,218,135,0
326,53,Pechoin000326,百雀羚气韵肌源透润细致亮采眼霜20g  送:面膜1片+随机瓶装小样  改善细纹补水提拉紧致,7908,,801,228,128,0
327,37,Pechoin000327,百雀羚气韵肌源透润挚享礼盒（洁容膏+水+乳） 套装 送：随机面膜2片+甘油一瓶+随机瓶装小样2个+粉扑一个  套装缺货，暂发单瓶装哦！ 吸走多余油脂调节水油平衡,21588,热销套装,734,363,269,269
374,74,Pechoin000374,百雀羚三生花舒缓细肤倍护防晒乳50g 特惠送百雀羚芦荟护手霜40g+百雀羚面膜3片    隔离防紫外线防辐射 敏感肌可用,29849,买一送四,534,118,98,98
360,5,Pechoin000360,百雀羚草本密集润泽补水面膜5片（1盒） 滋润保湿改善淡化干细纹,16274,,819,33.6,28,0
388,38,Pechoin000388,百雀羚男士护肤化妆品3件套装 洁面乳+爽肤水+平衡乳 净衡保湿清爽补水控油,34372,男士控油,763,224,188,188
357,69,Pechoin000357,百雀羚肌初赋活紧致抗皱套装5件套  水+乳+霜+精华液+眼部精华   送:8杯面膜1盒+甘油随机+护手霜+化妆包,48604,弹力紧致,728,1588,799,799
356,36,Pechoin000356,百雀羚 水漾莹透金牌超值礼盒 水嫩倍现精华水乳眼霜BB套盒 送:面膜2片+化妆棉+化妆包   深度补水保湿 养眼遮瑕,8528,高效补水,834,321.6,268,258
451,76,Pechoin000451,新品上市 百雀羚草本水能量绿茶酵母精华水100ml  送：百雀羚面膜3片 摇摇微精华爽肤水,7405,买一送三,883,188,95,95
328,13,Pechoin000328,百雀羚 气韵多效防护隔离霜30g   防辐射美白保湿补水隔离  绿色:适合偏红肌肤 正常肤色,11404,本款绿色,547,106.8,89,89
329,13,Pechoin000329,百雀羚 气韵草本莹润水漾卓颜霜40g  遮瑕美白保湿隔离bb霜 适合暗黄肌 提亮肤色 ,3824,,845,168,118,118
330,5,Pechoin000330,百雀羚喷雾花露水190ml 【冰清薄荷】祛痱止痒 驱蚊草本 2018年到期,4476,,866,25,18,0
336,68,Pechoin000336,百雀羚 肌初赋活抗皱菁华霜50g 送:肌初赋活氨基酸净颜洁面乳40g一支   改善松驰 抚平细纹 紧致抗皱提拉补水霜,17719,双十一特惠,710,238,196,0
341,76,Pechoin000341,百雀羚肌初赋活致臻套装（水+乳+霜+眼霜）礼盒 双11特惠  送：百雀羚三生花洗护一套（75ml*2）+百雀羚面膜4片+三生花洁面100g一支（随机）+帧颜淡纹霜8g 淡化细纹干纹抗皱深度补水保湿 专柜正品,153251,保价双11,1956,618,468,468
593,74,Pechoin000593,百雀羚草本雀栖宫窗御藏礼盒 东方大美肌初赋活精华液面膜紧致抗皱 送礼佳品,14371,,865,618,168,168
331,40,Pechoin000331,百雀羚 三生花玲珑玉润卸妆洁面+醒肤水+菁华乳3件套装 补水保湿滋润化妆品  赠品如有小变动不另行通知哦,15057,,817,428,348,348
332,76,Pechoin000332,百雀羚套装 三生花玫瑰花酿润颜高保湿精华水100ml+三生花玲珑玉润菁华乳70ml 两套装 送：因雀思听面膜2片+百雀羚芦荟护手霜40g一支+ 花瓣水15ml*7支 补水保湿滋润护肤品面部护理化妆品女,5365,双十一特惠款,887,198,99,99
333,40,Pechoin000333,百雀羚三生花控油清肌3件套 送：百雀羚晴雨伞一把+随机面膜2片+洗护一套（洗发露75ml+沐浴露75ml）+随机瓶装2个 清爽控油抗痘祛黑头收缩毛孔补水保湿,16146,买一送七,771,498,355,355
579,43,Pechoin000579,百雀羚三生花清洁提亮黑炭面膜5片 新款 （买一盒送一盒） 范冰冰特荐 黑面膜补水保湿 亮肤美白,8815,买一送一,719,98,72,0
578,36,6666666666,测试编辑测试测试再次测试,2316,爆品,999,98,76,16
334,36,Pechoin000334,百雀羚草本水感透白系列6件套装 (洁面+水+乳+霜+精华+眼霜) 送:面膜1盒+随机甘油 补水保湿提亮肤色,14561,多效美白,846,686,558,558
335,40,Pechoin000335,百雀羚三生花控油清肌2件套装 爽肤水+水凝乳 赠品如有变动不另行通知 清爽控油补水保湿 油性痘痘肌肤,8105,,847,357.59,298,298
337,68,Pechoin000337,百雀羚 肌初赋活紧肤精华水90ml  （特惠）送：百雀羚黑面膜2片+百雀羚洗手液500g一瓶+百雀羚三生花袋包洗发露2包  淡化细纹紧肤 抗皱化妆水爽肤水,21322,买一送五,555,218,188,188
338,68,Pechoin000338,百雀羚 肌初赋活紧肤焕颜乳90ml  送:随机喷雾70ml一瓶+随机面膜2片+随机瓶装一个+粉扑一个 （会员加送百雀羚面膜一片） 淡化细纹干纹提拉紧致 活颜润养 弹力紧致,14817,,805,238,196,0
339,68,Pechoin000339,百雀羚 肌初赋活抚纹精华液30ml 送:随机面膜3片+随机瓶装2个 抗皱紧致滋润减退岁月痕迹  赋活年轻,7134,赠品,721,258,218,0
340,68,Pechoin000340,百雀羚 肌初赋活抚痕眼部精华液20ml 送:喷雾70ml一瓶+随机面膜3片+水能量体验套装一套 紧致提拉改善细纹松弛 娇润紧弹,15431,,705,278,238,0
343,40,Pechoin000343,百雀羚 三生花青春紧弹洁面+焕采凝乳+美容液+滋养霜 化妆品4件套装  紧致提亮 保湿锁水抚平细纹　赠品如有小变动不另行通知,8424,,870,669.6,558,538
344,40,Pechoin000344,百雀羚 三生花青春紧弹洁面+焕采凝乳+美容液+滋养霜+眼霜 化妆品5件套装  紧致保湿 抚纹赠品如有小变动不另行通知  ,3807,,882,873.6,728,0
345,40,Pechoin000345,百雀羚 三生花舒缓细肤调理水+润凝乳 2件套装 修护舒缓敏感 赠品如有小更换不另行通知,8919,敏感肌专用,855,345.59,288,288
346,40,Pechoin000346,百雀羚 三生花舒缓细肤洁面泡沫+调理水+润凝乳+柔护霜 赠品如有小更换不另行通知 4件套装 修护舒缓敏感,8603,敏感肌专用 修护肌肤,870,698,525,525
347,40,Pechoin000347,百雀羚 三生花舒缓细肤洁面泡沫+调理水+润凝乳+柔护霜+沁肌精华液 5件套装  送随机赠品如有小更换不另行通知 修护舒缓敏感肌肤,9860,,828,899,688,688
348,40,Pechoin000348,百雀羚三生花控油清肌4件套装 （特惠活动期间下载APP会员加送泥浆面膜一个） 洁面+水+乳+霜  为内油外干皮肤定制 持久清爽清肌控油 赠品如有小变动不另行通知,10243,,848,598.8,499,499
349,40,Pechoin000349,百雀羚三生花控油清肌4件套装 洁面+水+乳+CC霜 赠品如有变动不另行通知 清爽补水保湿控油油性痘痘肌护肤品,10028,,849,598,458,458
352,43,Pechoin000352,新品上新 百雀羚小雀幸静润补水保湿面膜贴20片  买就送5片百雀羚面膜 买两组加送晴雨伞一把 新老包装随机发 补水保湿滋润海藻蚕丝面膜 新老包装随机发,17698,买一送五,290,240,128,128
350,40,Pechoin000350,百雀羚 三生花玲珑玉润醒肤水+菁华乳 2件套装  送：体验套装一套+随机面膜2片 保湿补水滋养化妆品护肤品,9342,,864,345.59,288,278
351,40,Pechoin000351,百雀羚 三生花玲珑玉润洁面+水+乳+水凝霜4件套 保湿补水滋养 赠品如有小变动不另行通知,8966,,860,656,536,528
353,37,Pechoin000353,百雀羚气韵草本水养嫩肤保湿礼盒  套装5件组合女士补水保湿正品,11128,,844,357.59,298,298
354,74,Pechoin000354,百雀羚三生花玲珑玉润气垫悦容霜13g （亮肤色） 送：百雀羚保湿面膜一片+百雀羚瓶装小样2个 中秋特惠 保湿滋润遮瑕修颜裸妆,5622,,794,199,118,118
617,76,Pechoin000617,百雀羚帧颜淡纹修护精华液30ml 送：帧颜精华液10ml*3支+礼袋一个  2瓶加送：百雀羚菁萃原液面膜5片装一盒  面部精华抗皱紧致收缩毛孔抗衰老 王一博代言新品,287,买一送四,887,388,368,368
358,76,Pechoin000358,百雀羚草本 肌初赋活紧致精华水+焕颜乳2件套装 送:肌初赋活洁面40g一支+因雀思听面膜3片+瓶装随机小样2个  护肤化妆品抗皱 淡化细纹,40879,,708,418,349,349
369,54,Pechoin000369,百雀羚气韵草本肌源奢白晶采雪肌乳100ml  送:面膜1片+随机瓶装小样 美白补水锁水滋润 美白去黄祛斑保湿 正品,12974,,871,198,175,0
440,64,Pechoin000440,百雀羚 至臻皙白莹泽亮肤水90ml 送:面膜1片+随机甘油+随机瓶装小样 爽肤水美白化妆水精华水补水保湿淡斑,10940,赠品,770,174,145,0
359,5,Pechoin000359,百雀羚草本丝滑凝润保湿面膜5片（1盒）面贴修护肌肤改善粗糙弹性,15640,,534,33.6,28,29
361,49,Pechoin000361,百雀羚草本菁透亮颜细肤面膜5片/盒  软化角质提亮肤色淡化细纹,16159,,777,88,72,72
362,5,Pechoin000362,百雀羚草本水嫩倍现舒养精华面膜5片（1盒）面贴膜滋养补水保湿,95690,,784,68.4,57,0
363,49,Pechoin000363,百雀羚新品 水嫩精纯清滢弹润面膜5片（1盒）特惠 买一盒送一盒 面贴补水保湿好吸收滋养,33469,,686,88,72,72
391,9,Pechoin000391,百雀羚气韵草本水嫩倍现清润精纯霜45g 送:面膜1片+随机瓶装小样 补水保湿滋润细致毛孔 正品,8830,,873,98.39,82,0
364,76,Pechoin000364,新品 百雀羚雪肌净白面膜5片/盒 美白淡斑补水保湿改善暗黄提亮肤色,13252,淡斑精品,811,252,118,118
365,28,Pechoin000365,百雀羚三生花清妍悦肤舒润卸妆水253ml  送：百雀羚心形面膜3片 卸妆液眼唇脸三合一温和清洁正品,21016,买一送三,666,128,68,68
366,36,Pechoin000366,百雀羚水嫩倍现精华水乳套装 精华水+精华乳液   新包装 送:精油香氛洗发露75ml+沐浴露75ml一套 密集滋养 锁水保湿提亮肤色 ,77100,明星产品,5757,174,145,145
367,76,Pechoin000367,百雀羚水嫩倍现至尚套装（洁面+水+霜+CC霜） 送：百雀羚随机面膜3片   滋养保湿补水滋润隔离,70614,买一送三,355,310,195,195
568,54,Pechoin000568,百雀羚气韵草本肌源奢白晶采亮肤水100ml+亮肤乳100ml 限量送蓝牙音箱一个+瓶装小样2个+三生花面膜2片 （音箱暂换为晴雨伞一把）  美白补水保湿 淡斑祛斑护肤水,8682,限量送音箱,870,376,299,298
368,76,Pechoin000368,百雀羚 水嫩倍现臻美套装(细致洁面膏+精华水+精华乳+cc霜)    送：百雀羚面膜3片,63401,买一送三,330,234,195,195
370,56,Pechoin000370,百雀羚气韵草本肌源奢采晶透洁颜膏100g 送:面膜1片+随机瓶装小样 洗面奶 保湿美白洁面膏 清洁 正品专柜,11958,,778,98,88,0
371,54,Pechoin000371,百雀羚气韵草本肌源奢白皙颜菁华露40ml 送:面膜1片+随机瓶装小样 美白祛斑淡斑保湿精华 正品,11113,,870,248,208,0
372,76,Pechoin000372,百雀羚气韵草本肌源奢白晶采亮肤水100ml  实发新包装230ml一瓶  美白补水保湿 淡斑化妆水 专柜正品,11389,中秋特惠款,816,178,156,156
373,54,Pechoin000373,百雀羚气韵草本肌源奢白晶采雪颜霜50g  送:随机面膜2片+化妆镜一个（会员加送瓶装小样1个 ）美白补水滋润 去黄祛斑面霜,12074,,853,238,198,0
375,43,Pechoin000375,百雀羚小雀幸沁润水活保湿面膜20片 滋润补水锁水舒缓肌肤正品国货,4927,,835,240,128,128
376,74,Pechoin000376,百雀羚三生花护手霜单支装40g活动特惠：买一送一，实发兰花2支 补水保湿滋润防冻防裂,16145,买一送一,775,65,48,48
377,74,Pechoin000377,百雀羚草本持妆亮采莹润清透CC霜修颜滋润自然遮瑕女保湿控油正品,14753,推荐,785,158,128,0
378,40,Pechoin000378,百雀羚三生花玲珑玉润花漾补水集 四件套保湿滋润收缩毛孔 礼盒套装,35841,,861,501.59,418,418
379,44,Pechoin000379,百雀羚三生花控油清肌净肤泥膜50g 送：随机面膜2片  补水保湿去黑头改善油性肌肤收缩毛孔,42461,,747,68,39,39
380,50,Pechoin000380,百雀羚男士净衡保湿控油洁面乳100g洗面奶 周杰伦代言男士高端新品 深层清洁控油补水保湿,18135,夏季必备,615,58,55,0
389,38,Pechoin000389,百雀羚男士净衡保湿护肤品4件套装 洁面乳+爽肤水+平衡乳+润泽霜 清爽补水控油洁面爽肤水乳凝露,15700,,828,312,258,258
381,50,Pechoin000381,百雀羚男士净衡保湿多效爽肤水100ml  送：随机瓶装小样+化妆棉 周杰伦代言男士高端新品 清爽控油收缩毛孔补水,13112,,732,78,75,0
382,51,Pechoin000382,百雀羚男士肌活劲能润泽保湿乳100g 送:男士肌活洁面40g一个  周杰伦代言男士 乳液 润肤面霜滋润保湿控油擦脸油,10552,送40g洁面一支,764,118,96,0
383,51,Pechoin000383,百雀羚 男士肌活劲能活力醒肤水100ml  送:随机瓶装小样+化妆棉 周杰伦代言男士高端新品 清爽补水保湿收缩毛孔,12855,,777,98,82,0
384,50,Pechoin000384,百雀羚男士净衡保湿畅透水凝露50g 送:随机瓶装小样+化妆棉 周杰伦代言男士高端新品  控油祛痘补水保湿乳擦脸油,11556,,830,118,85,0
385,50,Pechoin000385,百雀羚男士净衡保湿控油平衡乳100g 送:洁面40g一个 周杰伦代言男士 乳液水润保湿乳清爽补水收敛毛孔,16195,,765,88,85,0
386,51,Pechoin000386,百雀羚草本男士肌活劲能净澈洁面膏100g 送：三生花洗发露7.5ml*5袋+乳液10ml 控油清洁去油污 洗面奶 周杰伦代言男士高端新品,19627,高效清洁,635,68,55,0
387,51,Pechoin000387,百雀羚男士肌活劲能清透水凝霜50g 送:随机瓶装小样+化妆棉 周杰伦代言保湿补水控油润肤舒缓倦容面霜,12345,,795,118,108,0
448,76,Pechoin000448,百雀羚气韵肌源多效修护环采眼霜15g  双十一提前购（买一瓶送一瓶）加送：百雀羚因雀思听面膜2片+帧颜淡纹系列（中样水20g+乳液20g） 紧致抗皱淡化细纹干纹黑眼圈,15660,双十一提前购加送款,628,268,154,154
454,13,Pechoin000454,百雀羚气韵臻白臻采如玉焕亮细肤水洗面膜150g 细致毛孔美白补水保湿正品,3,,888,158,129,0
390,55,Pechoin000390,百雀羚气韵肌源赋活舒颜洁容膏100g  送:面膜1片+随机瓶装小样  深层净颜 爽滑透亮,8817,,868,105.6,88,0
392,57,Pechoin000392,海之秘 赋能恒润氨基酸洁面泡（赋能恒润焕活洁面泡）100g 送:面膜1片+随机瓶装小样 深层清洁控油保湿收缩毛孔温和正品,2813,,877,108,89,89
393,57,Pechoin000393,海之秘 赋能恒润精华能量水90ml 送:面膜1片+随机瓶装小样 补水保湿水润化妆水春季收缩毛孔  深度滋养修护,9195,,866,168,149,0
394,57,Pechoin000394,新品上市 海之秘 赋能恒润活能修护乳90ml 送:面膜1片+随机瓶装小样 女男春季补水保湿滋润肤乳正品,5919,,876,188,165,0
395,57,Pechoin000395,新品上市 海之秘 赋能恒润活能滋养霜50g  送:面膜1片+随机瓶装小样 补水保湿滋润日霜懒人霜精华霜,8373,,882,188,168,0
396,57,Pechoin000396,新品上市 海之秘 赋能恒润眼周活力润养液20ml 送:面膜1片+随机瓶装小样 紧致去淡化黑眼圈眼袋细纹补水眼霜,6478,,869,258,232,0
397,57,Pechoin000397,新品上市 海之秘 赋能恒润活能修护霜50g 送:面膜1片+随机瓶装小样 滋润保湿补水霜春季懒人霜男女士,7759,,882,218,198,0
398,57,Pechoin000398,海之秘 赋能恒润舒爽柔肤水90ml 送: 面膜1片+随机瓶装小样  补水保湿控油滋润化妆水 正品,7548,,861,187.2,156,156
399,39,Pechoin000399,海之秘赋能恒润滋养套装 (氨基酸洁面泡100g+能量水90ml+滋养霜50g+能量水25ml+修护乳25ml),8450,,878,464,355,355
400,58,Pechoin000400,新品上市 海之秘 活源倍润净透洁面泡沫100g 送:面膜1片+随机瓶装小样 洗面奶 深层清洁毛孔补水保湿控油,6548,,845,89,79,0
401,58,Pechoin000401,新品上市 海之秘 活源倍润深度滋养乳100ml 送:面膜1片+随机瓶装小样 精华乳 春季补水保湿滋润专柜正品,5179,,875,136,128,0
402,58,Pechoin000402,新品上市 海之秘 活源倍润舒缓眼露15ml  送:面膜1片+随机瓶装小样 淡化细纹眼袋黑眼圈眼部护理专柜正品,5110,,874,136,125,0
403,58,Pechoin000403,新品上市 海之秘 活源倍润保湿滋养面膜5片 补水修复滋润春季面部护肤品正品,6691,,877,88,79,0
404,58,Pechoin000404,新品上市 海之秘 活源倍润亮润眼霜20g 送:面膜1片+随机瓶装小样 淡化黑眼圈细纹提拉保湿 眼部护理正品,4770,,870,156,143,0
405,58,Pechoin000405,海之秘 活源倍润净透洁肤水100ml 送:面膜1片+随机瓶装小样 收缩毛孔春季补水保湿控油男女,6069,,868,126,98,0
406,58,Pechoin000406,新品上市 海之秘 活源倍润柔嫩细肤水100ml 送:面膜1片+随机瓶装小样 补水保湿滋润肌肤柔肤水 正品热销,6776,,859,126,115,0
407,58,Pechoin000407,新品上市 海之秘活源倍润防护保湿霜50g  送:面膜1片+随机瓶装小样 滋润护肤修护男女士春季滋润护肤品,6246,,873,141.6,118,0
408,58,Pechoin000408,新品上市 海之秘 活源倍润深度修护霜50g  送:面膜1片+随机瓶装小样 女士补水保湿懒人霜护肤品专柜正品,6565,,884,156,136,0
409,58,Pechoin000409,新品上市 海之秘 活源倍润柔嫩洁面乳100ml 送:面膜1片+随机瓶装小样 女男士温和洁净补水保湿正品,6181,,873,92,88,0
410,39,Pechoin000410,海之秘活源倍润保湿套装 (柔嫩洁面乳100g+细肤水100ml+深度修护霜50g+保湿霜8g+滋养乳20ml),3865,,884,355.2,296,296
411,59,Pechoin000411,新品上市 海之秘 水感清盈海洋矿物洁面泡100g 送:面膜1片+随机瓶装小样 深层清洁补水保湿收缩毛孔控油,7243,,862,68,65,0
412,59,Pechoin000412,新品上市 海之秘水感清盈舒缓睡眠面膜110g 送:面膜1片+随机瓶装小样 免洗 保湿收缩毛孔修护正品热销,5224,,870,98,85,0
413,59,Pechoin000413,新品上市 海之秘 水感清盈爽肤调理水100ml 送:面膜1片+随机瓶装小样 润肤化妆水 收缩毛孔调理肌肤正品热销,6062,,863,88,82,82
414,59,Pechoin000414,新品上市 海之秘水感清盈密集补水乳100ml 送:面膜1片+随机瓶装小样 滋润长效保湿修复肌肤皮脂膜 正品,5475,,876,98,88,0
415,59,Pechoin000415,新品上市 海之秘 水感清盈深度补水面膜贴5片 保湿滋润收缩毛孔提亮正品,9044,,845,78,69,0
416,59,Pechoin000416,新品上市 海之秘 水感清盈高保湿霜50g 送:面膜1片+随机瓶装小样 滋润锁水懒人面霜嫩肤正品热销,5971,,861,98,78,0
417,59,Pechoin000417,新品上市 海之秘水感清盈深度补水ㄠ100ml 送:面膜1片+随机瓶装小样 滋润化妆品护肤品精华乳正品,8459,,868,98,88,0
418,59,Pechoin000418,新品上市 海之秘 水感清盈补水洗面奶100g 送:面膜1片+随机瓶装小样 深层清洁补水保湿收缩毛孔控油正品,6244,,851,78,75,0
513,40,Pechoin000513,百雀羚三生花冰清莹白4件套装 洁面+亮肤水+晶采乳液+雪凝霜 赠品如有变动不另行通知 补水均匀提亮肤色淡化色斑,9828,清爽亮白,883,666,525,525
419,59,Pechoin000419,新品上市 海之秘 水感清盈深度补水霜50g 送:面膜1片+随机瓶装小样 滋润懒人面霜 保湿正品热销,8549,,851,98,88,0
420,46,Pechoin000420,百雀羚三生花冰清莹白沁颜爽肤水100ml 清爽型  送：随机面膜2片 收细毛孔淡化色斑,13101,,800,225,149,149
421,60,Pechoin000421,新品上市 海之秘 赋能弹力滋养精华水90ml 送: 随机面膜2片 春季补水保湿紧致滋润柔肤水正品热销,8886,,865,189,168,0
422,60,Pechoin000422,新品上市 海之秘 赋能弹力活源滋养面膜贴5片 补水保湿滋润紧致面部提亮,3473,,884,239,198,0
423,60,Pechoin000423,新品上市  海之秘 赋能弹力活源修护霜50g 送:随机面膜2片  早晚霜 懒人霜补水锁水滋养紧致正品,7556,,856,239,188,0
424,60,Pechoin000424,新品上市 海之秘 赋能弹力活源滋养乳90ml 送:随机面膜2片 春季补水保湿滋润紧致女士专柜正品,8139,,870,219,188,0
425,60,Pechoin000425,新品上市 海之秘 赋能弹力修护精萃液30ml 送:面膜1片+随机瓶装小样 面部紧致修复补水保湿滋润正品,6224,,879,269,228,0
426,60,Pechoin000426,新品上市海之秘 赋能弹力紧致修护眼霜 20ml 送:面膜1片+随机瓶装小样 去细纹眼袋 补水提拉眼部护理正品,6488,,852,289,238,0
427,5,Pechoin000427,天然纯正百花蜜500g 深山原始蜂蜜包邮 美容护肤送礼佳品,23791,,847,188,98,88
428,64,Pechoin000428,新品上市  百雀羚 至臻皙白晶亮焕肤霜50g 送:面膜1片+随机甘油+随机瓶装小样 美白调理肤色延缓肌肤氧化,14907,赠品,778,188,149,0
429,64,Pechoin000429,新品上市 百雀羚 至臻皙白晶亮焕肤乳90ml 送:面膜1片+随机甘油+随机瓶装小样 美白补水保湿滋润面霜精华乳,10479,赠品,832,177.6,148,0
430,64,Pechoin000430,百雀羚 至臻皙透卸妆洁面乳80g 送:随机面膜2片+随机瓶装小样2个 深层清洁毛孔改善提亮肤色不紧绷洗面奶,9997,赠品,761,98,83,83
431,64,Pechoin000431,新品上市  百雀羚至臻皙白亮采眼部精华液20ml 送:面膜1片+随机甘油+随机瓶装小样 淡化黑眼圈干纹眼袋保湿,11126,买一送三,837,188,148,0
432,64,Pechoin000432,新品上市 百雀羚至臻皙白滋养精华液30ml 送:面膜1片+随机甘油+随机瓶装小样 美白补水保湿淡斑紧致正品,11564,赠品,751,188,155,0
433,65,Pechoin000433,新品上市 百雀羚美白2件套装  至臻皙白亮肤水90ml+焕肤乳90ml 送:6片面膜 提亮肤色淡化干纹祛斑淡斑,27061,,754,345.6,288,258
434,66,Pechoin000434, 百雀羚 水感透白焕亮水凝乳100ml 送:随机面膜1片+随机瓶装小样  补水保湿滋润舒缓提亮肤色 淡斑,14266,赠品,783,116.39,97,0
435,66,Pechoin000435,百雀羚 水感透白莹亮雪肌水100ml（清爽型）送:随机面膜1片+随机瓶装小样 爽肤水美白淡斑提亮肤色化妆品,14752,赠品,690,110.39,92,0
500,36,Pechoin000500,百雀羚草本水活能量修护礼盒4件套装 美容液+眼霜+修护乳+修护霜 补水保湿美白滋润专柜正品,29257,,872,458,388,358
436,66,Pechoin000436,百雀羚 水感透白雪颜亮肤霜50g 送:随机面膜1片+随机瓶装小样  补水保湿美白淡色斑改善暗黄,12541,赠品,793,116.39,97,0
437,66,Pechoin000437,百雀羚 水感莹透亮泽洁面乳 95ml 送:随机面膜1片  温和清洁滋养 提亮肤色洗面奶,11932,赠品,689,86,75,74
438,66,Pechoin000438,百雀羚 水感透白嫩肤精华液30ml 送:随机面膜1片+随机瓶装小样  补水保湿滋润舒缓提亮肤色 淡斑,13052,赠品,774,126,108,0
439,43,Pechoin000439,百雀羚三生花玫瑰花酿润妍高保湿眼部精华露15ml  眼霜改善眼周干燥补水淡化细纹紧致眼周,11236,玫瑰精华,827,228,174,0
441,45,Pechoin000441,百雀羚三生花玲珑玉润舒活睡眠面膜200g 送：随机面膜2片  补水保湿滋润修护,20318,,797,198,155,0
442,74,Pechoin000442,百雀羚小雀幸清澈净颜黑面膜20片 （特惠活动：送同款10片 共发30片）收缩毛孔补水保湿护肤正品女滋润控油,16336,买20片送10片,732,198,158,158
443,43,Pechoin000443,百雀羚小雀幸净肤舒润黑面膜10片  清洁细致毛孔控油保湿补水正品国货 新品,14753,,762,120,88,88
444,43,Pechoin000444,百雀羚小雀幸静润补水保湿面膜10片  散装面膜贴芦荟海藻蚕丝收缩毛孔男女 新老包装随机发,11823,特色面膜,586,128,79,79
445,30,Pechoin000445,百雀羚小雀幸静润补水保湿面膜10片装 单片装 草本海藻蚕丝芦荟面膜贴正品国货,3,,888,120,78,0
446,36,Pechoin000446,9.9付邮试吃 天然纯正百花蜜20g 只单拍(混拍不发货不退款)深山原始蜂蜜 美容护肤,3039,,784,1,0.1,0
450,8,Pechoin000450,百雀羚气韵焕亮清肌洗颜霜100g　焕白洁面乳洗面奶正品深层清洁 温和亲肤,14048,,731,51.6,43,0
452,22,Pechoin000452,百雀羚小雀幸紧弹新颜修护面膜10片   滋养补水增强肌肤弹性收敛紧致,7830,618特惠,872,120,88,88
567,74,Pechoin000567,百雀羚三生花花妍悦色保湿粉饼9g （粉嫩色)定妆持久遮瑕干湿两用散粉,4528,,871,99,89,0
542,22,Pechoin000542,百雀羚三生花母菊清颜卸妆水200ml 脸部眼唇卸妆油液乳深层清洁 送：随机面膜2片+化妆棉一盒,18063,,799,129,99,99
453,13,Pechoin000453,新品特惠 百雀羚气韵臻采如玉焕亮细肤水洗面膜150g 细致毛孔美白补水保湿正品,12418,,856,158,129,0
455,74,Pechoin000455,新品特惠 百雀羚小幸韵莲胚芽晶透焕亮黑面膜 共15片 任选3款发 补水保湿睡眠面膜免洗透亮,16475,双12特惠,705,90,69,69
600,76,Pechoin000600,百雀羚三生花茉莉盈润沐浴露500ml+玫瑰滋养沐浴露500ml  买一送一   （拍一实发两瓶） 持久留香家庭装大容量沐浴乳女清洁,7123,买一送一,881,176,85,85
456,56,Pechoin000456,百雀羚气韵肌源奢采莹透新颜面膜5片装  提亮肤色 亮肤美白改善粗黯肌质,11355,,846,129.6,108,108
457,43,Pechoin000457,百雀羚小雀幸紧弹新颜修护面膜20片 滋养补水增强肌肤弹性收敛紧致正品,7938,,858,240,128,0
458,46,Pechoin000458,百雀羚三生花冰清莹白晶透亮肤水100ml 亮肤型 送：随机面膜2片 美白淡斑细致毛孔均匀肤色,10617,,839,198,149,0
459,76,Pechoin000459,百雀羚三生花春兰花颜青春凝时尊享礼盒 送：百雀羚面膜2片+百雀羚瓶装小样2个+洗发露袋包7.5ml*2 会员加送：百雀羚晴雨伞一把+百雀羚因雀思听面膜2片 提拉紧致抗老四件套,27942,会员加送款,834,438,356,356
460,46,Pechoin000460,百雀羚三生花冰清莹白雪凝霜50g 送：随机面膜2片  新品上市 美白保湿减少黑色素淡化斑点正品,11962,,833,178,149,0
461,43,Pechoin000461,百雀羚小雀幸紧颜悦肤修护面膜10片 柔嫩细肤紧致莹润补水滋养收敛肌肤,5266,,886,105.6,88,0
462,43,Pechoin000462,百雀羚小雀幸紧颜悦肤修护面膜20片 柔嫩细肤紧致莹润补水滋养收敛肌肤,6903,,868,153.6,128,0
463,46,Pechoin000463,百雀羚三生花冰清莹白晶采乳液100ml  送：随机面膜2片 美白淡斑保湿滋养正品国货,13741,,822,178.79,149,0
464,46,Pechoin000464,百雀羚三生花冰清莹润焕新洁面乳90g 送：随机面膜1片 清洁肌肤清爽匀净正品国货,14256,,831,118,95,0
515,76,Pechoin000515,百雀羚小雀幸水光精华面膜15片（3盒） 深入补水保湿紧致女易吸收提亮肤色,7183,,873,81.6,68,68
470,40,Pechoin000470,百雀羚三生花冰清莹白5件套装 洁面乳+爽肤水+乳液+面霜+精华 美白滋养淡化色斑减少黑色素正品国货,9934,,853,826.8,689,689
465,43,Pechoin000465,百雀羚小雀幸水盈舒缓柔肤面膜10片 提升吸收力改善干燥肌肤正品国货,8369,,876,105.6,88,0
468,43,Pechoin000468,百雀羚小雀幸清滢舒缓柔护面膜20片 温和滋润提升肌肤吸收力改善干燥肌,8791,,835,153.6,128,0
466,43,Pechoin000466,百雀羚小雀幸水盈舒缓柔肤面膜20片 提升吸收力改善干燥肌肤正品国货,7341,,860,153.6,128,0
467,43,Pechoin000467,百雀羚小雀幸清滢舒缓柔护面膜10片 温和滋润提升肌肤吸收力改善干燥肌,11533,夏季特惠,793,105.6,88,88
469,46,Pechoin000469,百雀羚三生花冰清莹白雪肌精华液30ml赠品如有更换不另行通知 淡化色斑美白紧致正品国货,11028,,816,190.79,159,0
475,50,Pechoin000475,百雀羚男士净衡保湿水活润泽霜50g 送:百雀羚男士净衡保湿洁面40g一个+随机小样瓶装一个  控油祛痘补水保湿乳擦脸油面霜,11847,,810,88,72,0
474,39,Pechoin000474,海之秘赋能恒润深润修护6件套装  洁面泡能量水精华液修护乳霜润养液 新品特惠,2831,,888,699,488,0
476,50,Pechoin000476,百雀羚男士净衡保湿磨砂洁面膏100g 专柜正品清爽深度清洁去油渍,12528,,832,66,55,0
477,51,Pechoin000477,百雀羚草本男士肌活劲能保湿洁面ㄠ100g专柜正品温和清洁去污渍,13991,,841,78,65,0
478,74,Pechoin000478,百雀羚小幸韵柳杉芽水漾透润黑面膜 20片装 柔软丝滑细腻肌肤黑膜,13872,,726,176,99,99
479,28,Pechoin000479,百雀羚水凝润养舒缓睡眠面膜200g免洗型补水保湿美白滋润锁水正品,15425,,764,138,108,0
480,57,Pechoin000480,海之秘赋能恒润高保湿精华液30ml补水保湿弹润滋养面部精华液肌底液补水正品,10496,,864,261.59,218,0
481,39,Pechoin000481,海之秘赋能恒润清润修护套装 焕活洁面泡能量水修复乳滋养面膜,7502,,877,427.2,356,356
482,39,Pechoin000482,海之秘赋能弹力修护套装礼盒  (滋养精华水90ml +活源滋养乳90ml+修护霜50g)  套装暂缺货发单瓶装，介意的亲请慎拍哦！送：化妆包一个+黑面膜5片 丰盈保湿 赋活肌肤水润 弹力提拉紧致抗皱,15689,年轻美态必备,819,537.6,448,438
483,39,Pechoin000483,海之秘活源倍润补水保湿套装3件套礼盒装  洁面泡洁肤水深度滋养乳送洁面仪,7742,,871,307.2,256,256
484,61,Pechoin000484,新品 海之秘深海珍萃肌源能量水150ml 补水保湿修复基底 专柜正品,11783,,863,168,136,0
485,61,Pechoin000485,海之秘深海珍萃肌源精华霜50g 滋润保湿补水滋润面霜正品专柜,9579,,885,218,188,0
486,61,Pechoin000486,海之秘深海珍萃肌源精华液30ml 补充营养滋润补水保湿专柜正品,9055,,883,258,218,0
487,61,Pechoin000487,海之秘深海珍萃肌源精华眼霜15g 淡化细纹去眼袋黑眼圈滋润正品,10744,,826,238,197,0
488,61,Pechoin000488,海之秘深海珍萃肌源精华乳150ml 送：海之秘随机面膜2片 补水保湿滋润乳液正品专柜,9529,,869,188,158,0
489,61,Pechoin000489,海之秘深海珍萃肌源洁面乳100ml 送：海之秘随机面膜一片 补水保湿清洁软化角质专柜正品,8854,,862,108,89,0
490,61,Pechoin000490,海之秘深海珍萃肌源眼部精华液20ml  送：海之秘面膜一盒 淡细纹缓解眼部疲劳正品专柜,7216,,876,258,228,0
491,40,Pechoin000491,百雀羚三生花控油清肌护肤套装 补水保湿 洁面+爽肤水+水凝霜 控油礼盒 赠品如有小变动不另行通知,13385,,864,393.59,328,328
492,30,Pechoin000492,百雀羚三生花控油清肌护肤套装 补水保湿爽肤水乳液水凝霜控油礼盒 赠品如有小变动不另行通知,3,,888,393.59,328,0
494,37,Pechoin000494,百雀羚气韵草本肌源奢白雪肌臻采礼盒  送：百雀羚晴雨伞一把+心形面膜3片+百雀羚随机甘油75g一瓶  淡斑美白补水 晶透保湿佳品,28261,买一送五,680,466,388,388
495,29,Pechoin000495,百雀羚恒彩新颜净澈洁面乳90g  清洁毛孔温和补水保湿抗皱紧致,4155,买一送二,869,118,95,95
499,36,Pechoin000499,百雀羚草本水活能量凝采礼盒 补水保湿修护滋养正品,22891,,869,448,368,0
613,76,Pechoin000613,百雀羚 新款女神节优惠套装 修护细纹 干纹改善干燥肌肤修复,1646,买一送六,886,468,388,388
496,76,Pechoin000496,百雀羚草本至臻皙白臻宠套装3件礼盒护肤套  送:百雀羚面膜5片+肌初赋活洁面乳40g一支  美白补水专柜正品包邮,23770,,798,478,378,378
497,36,Pechoin000497,百雀羚草本水感透白亮颜套装3件礼盒 送:面膜5片+随机瓶装2个 护肤补水美白专柜正品,46016,美白雪肤,731,428,239,239
498,36,Pechoin000498,百雀羚草本水盈保湿甄选礼盒 补水保湿嫩肤滋养肌肤 沁润舒缓面膜 送：百雀羚随机面膜一片+甘油一个+瓶装小样一个,37171,,829,298,198,198
501,36,Pechoin000501,百雀羚草本水凝润养至润礼盒4件套装 柔肤水（清爽型）+眼霜+盈肤乳+活肤霜 补水保湿滋润提亮肌肤专柜正品,32164,,853,398,298,298
586,74,Pechoin000586,百雀羚气韵悦己拾光亮肤蚕丝面膜 10片/盒 补水保湿水嫩提亮肌肤,7004,,867,99,39,0
502,36,Pechoin000502,百雀羚草本水凝润养至妍礼盒4件套装 洁面乳＋精华水＋精华液＋盈肤乳　补水保湿滋润嫩肤专柜正品,26308,七夕特推,855,398,298,0
585,74,Pechoin000585,百雀羚气韵悦己拾光润肤蚕丝面膜10片/盒  补水保湿润肤滋养正品,9002,推荐新品,878,99,39,39
587,76,Pechoin000587,百雀羚因雀思听深润锁水保湿面膜30片 双十一特惠   亮肤舒缓修护女,3748,,8876,240,99,99
503,39,Pechoin000503,海之秘水感清盈调理补水套装5件套补水保湿修护滋润专柜正品包邮,2067,,887,273.59,228,0
504,39,Pechoin000504,海之秘水感清盈密集补水套装7件礼盒 补水保湿嫩肤滋润专柜正品,2800,,881,399,299,0
508,38,Pechoin000508,百雀羚男士肌活劲能套装 清爽醒肤 劲爽肌肤保湿 护肤套装,17996,,827,284,255,255
549,45,Pechoin000549,百雀羚三生花玲珑玉润活肤补水喷雾70ml 清爽控油保湿舒缓爽肤水,15391,新上特卖,733,57.59,48,48
541,27,Pechoin000541,百雀羚草本水活能量恒采修护霜50g 润活焕颜 盈润赋弹 正品带防伪,3,,888,188,145,0
588,76,Pechoin000588,百雀羚气韵保湿修护芦荟凝胶180g   送百雀羚黑面膜2片 补水保湿面霜 修护祛痘淡印滋润,11438,限量抢购,827,69,48,48
545,74,Pechoin000545,百雀羚三生花比翼双生多效睫毛膏 双头浓密 卷翘纤长 自然防水不晕染,6591,店长推荐,867,118.8,99,0
546,74,Pechoin000546,百雀羚三生花翠羽眉花三色眉粉 画眉笔防水防汗防脱色不易晕染,5484,,862,106.8,89,0
547,74,Pechoin000547,百雀羚 气韵草本舒缓蒸汽热敷眼罩（薰衣草/玫瑰）下单请备注型号！  睡眠发热护眼 缓解眼疲劳 黑眼圈,12254,,873,126,105,105
550,58,Pechoin000550,百雀羚海之秘海洋清净温和卸妆液200ml 卸妆水不油清爽深层去污渍提亮肤,3,,888,105.6,88,0
551,76,Pechoin000551,百雀羚三生花玫瑰花酿修护舒缓精华露50g 特惠活动（买一送一）舒缓肌肤换季干燥所需 新品上市,6385,买一送一,841,99,68,68
552,61,Pechoin000552,百雀羚海之秘海洋清柔焕颜去角质素75g 温和去角质补水清洁清爽保湿,4615,,865,54,45,0
553,74,Pechoin000553,百雀羚小森羚温和净颜卸妆水300ml  送：洗脸巾50抽+玫瑰水乳小样各一个  脸部眼唇 温和清洁舒缓卸妆液,7237,特价促销,770,128,88,0
554,74,Pechoin000554,百雀羚三生花口红花娇艳彩滢亮唇膏 哑光持久保湿滋润不脱色（下单请备注色号，未备注随机发哦，豆沙红暂缺货！）,6525,,802,138,88,0
555,49,Pechoin000555,百雀羚周杰伦定制水光肌 深润水光面膜5片盒装【买一盒送一盒】,11222,买一送一,851,138,115,0
562,36,Pechoin000562,百雀羚水光弹润挚悦套装四件礼盒    高倍补水保湿紧致套装 送：百雀羚随机面膜5片+随机喷雾70ml+荷荷巴油（暂换为百雀羚洗手液一瓶）+体验套装一套,19491,特惠套盒,871,558,508,508
556,37,Pechoin000556,百雀羚气韵肌源多效修护钜惠礼盒 送：同系列洁面100g一支+中样水15ml*2支+中样霜5g*2支 肌源多效修护水 紧致抗皱新品,14198,买一送六,871,426,298,298
559,12,Pechoin000559,百雀羚草本水凝润养清滢活肤霜50g  补水保湿面霜 清润滋养护肤,10950,,861,138,108,0
560,42,Pechoin000560,百雀羚三生花舒漾细肤沁透保湿喷雾300ml  送： 随机面膜一片+随机瓶装小样一个  舒缓喷雾保湿爽肤水花酿水保湿水定妆 尤其针对敏感肌,9536,买一送二,796,168,128,128
561,43,Pechoin000561,百雀羚三生花保湿清洁黑炭面膜5片装 （买一送一）补水保湿收缩毛孔控油竹炭2种包装随机发[范爷同款],18476,买一送一,393,90,68,68
564,43,Pechoin000564,百雀羚三生花虞美人紧致弹力眼膜7ml*5组装盒装嫩肤淡化细纹5片装,3,,888,69,45,0
565,76,Pechoin000565,百雀羚三生花眼膜5片 （拍1盒发1盒，拍2盒发3盒，下单备注款式哦，不备注随机发！）（桃花*虞美人） 改善眼周 紧致 补水保湿 暗沉黑眼圈,5831,618特惠,815,68,42,42
566,70,Pechoin000566,百雀羚草本水光弹润精华液30ml 送：随机面膜2片+甘油一个+瓶装小样一个补水保湿紧致面部肌肤淡化细纹,7675,,864,278,208,0
569,30,Pechoin000569,百雀羚复颜晶采卸妆洁面乳80g 洗面奶温和清洁深度洁净不紧绷卸妆清洁两用,1727,,885,89,72,0
570,57,Pechoin000570,海之秘赋能恒润焕活洁面泡100g氨基酸洗面奶深层清洁温和舒缓,3,,888,108,88,0
580,53,Pechoin000580,百雀羚气韵肌源透润柔皙防护隔离霜（紫色）妆前乳 打底 提亮肤色 控油保湿补水,211,,888,199,128,128
581,38,28899,测试,58,,100,368,269,0
582,10,P242,测试2,2327,,1324,34333,2232,0
583,76,Pechoin000583,百雀羚三生花玫瑰花酿润妍高保湿精华水100ml*2    秋季特惠2瓶装 买一送一款  范冰冰同款小红书荐 深度滋养保湿 加倍水润柔嫩美肌亮肤 收缩毛孔,11518,买一送一,845,188,148,148
584,53,Pechoin000584,百雀羚气韵肌源透润柔皙防护隔离霜（紫色、绿色两种 默认发紫色，需要绿色请备注哦！）送：面膜一片+瓶装一个+粉扑 妆前乳 打底 提亮肤色 控油保湿补水,7949,,743,168,128,0
590,68,Pechoin000590,百雀羚 肌初赋活抚纹精华液30ml 送:随机面膜3片+随机瓶装2个 抗皱紧致滋润减退岁月痕迹  赋活年轻,5,,888,258,218,0
589,74,Pechoin000589,百雀羚三生花花漾美颜多效BB霜35g 修饰隔离遮瑕亮肤 匀净透亮,7106,,851,139,119,0
591,76,Pechoin000591,百雀羚 肌初赋活抚纹精华液30ml 小绿瓶 送:肌初赋活精华水70ml+导入仪 会员加送：因雀思听面膜4片+百雀羚橙花洗手液500g一瓶   顺丰包邮  抗皱紧致滋润减退岁月痕迹  赋活年轻,9212,买一赠七,824,298,249,249
605,74,Pechoin000605,百雀羚三生花h油膏免蒸h油正品修复干枯顺滑,2425,,885,78,42,0
592,43,Pechoin000592,百雀羚三生花玫瑰花酿润妍高保湿精华乳100ml  送：三生花玫瑰花酿润妍高保湿精华水60ml一瓶 水嫩光滑补水保湿锁水亮肤,8170,买一送一,880,198,165,165
595,76,Pechoin000595,百雀羚紧致菁萃原液面膜5片 （特惠送：百雀羚水光菁萃原液面膜5片/盒）补水保湿精华滋润抗皱抗衰老,8266,买一送一,779,138,99,99
602,36,Pechoin000602,百雀羚 水嫩倍现女神节优惠套装  送：百雀羚晴雨伞一把+随机面膜2片+百雀羚洗护一套  深度补水保湿抗皱 ,7047,买一送五,878,358,299,299
609,68,Pechoin000609,百雀羚肌初赋活氨基酸净颜洁面乳90g  送：随机面膜2片+肌初赋活随机小样瓶装3个 深层清洁去黑头控油祛痘氨基酸洗面奶,1839,,873,128,105,0
610,9,Pechoin000610,百雀羚气韵净颜保湿精华洁面乳100g 送百雀羚随机面膜一片+瓶装小样一个 深层清洁控油祛痘清爽补水,1489,,883,49,38,0
615,66,Pechoin000615,百雀羚帧颜淡纹修护精华水100ml 送：同款精华水20ml*2瓶 王一博同款抗初老紧致抗皱精纯视黄A醇,657,国庆特惠,887,298,278,278
616,76,Pechoin000616, 百雀羚帧颜淡纹修护精华乳100ml 双十一特惠款 （下单立减50元） 送：同系列精华水20ml*3瓶+礼品袋一个 （会员加送：百雀羚因雀思听面膜4片+百雀羚芦荟护手霜40g一支） 抗初老人参多肽视黄醇新品,453,双十一特惠款,888,358,348,348
618,76,Pechoin000618,百雀羚帧颜淡纹修护精华霜50g （ 双十一提前购） 送：同款霜8g*3瓶+礼品袋一个 会员加送：同系列帧颜水20ml+乳液20ml  淡纹修护抗衰老精华霜紧致抗皱补水保湿多肽视黄醇新品热销,415,双11特惠款,886,358,348,348
619,66,Pechoin000619,百雀羚帧颜淡纹修护眼霜15g  送：同系列精华液10ml*3支 淡化黑眼圈抗皱去细纹新品黑科技,435,买一送三,888,388,368,368
